condition_index,condition_id,event_start_ms,event_start_utc,winning_outcome,control_mean_probability_up,challenger_mean_probability_up,control_mean_log_loss,challenger_mean_log_loss,paired_mean_log_loss_advantage,cumulative_log_loss_advantage
1,0x4b5b60a4a8977ec48fba30aad8c6aa7245aa43fa2c85714a9cd422c881e74e7b,1782086700000,2026-06-22T00:05:00Z,Up,0.48426680251265874,0.6341299334660722,0.7251192814638316,0.5035453546942937,0.22157392676953785,0.22157392676953785
2,0x5ac5f35241be8707aa31b3a0af2f0eede57d0da72263fc6e70fe80877ce8a735,1782087000000,2026-06-22T00:10:00Z,Down,0.484407916203186,0.41058936259070866,0.6624393634305533,0.5590141087655205,0.10342525466503288,0.32499918143457074
3,0x2e4fbeb7e6d54bb4388a79fb14f770634c65f730de48ab075093d8f456793c05,1782087300000,2026-06-22T00:15:00Z,Up,0.48455229375641906,0.6641945304248398,0.7245299224113452,0.4219963630697306,0.3025335593416145,0.6275327407761853
4,0x071480072f35e0fdf633600500e6723c8745ec6c721339877bb1c9dfba6af02a,1782087600000,2026-06-22T00:20:00Z,Up,0.4846998666586618,0.43477808610954516,0.724225413719839,0.8887173872505668,-0.16449197353072786,0.4630407672454574
5,0x2a059b6e05a67f89077bb2f61f44aed9d4bd064acc941af9f5775fe642838b9b,1782087900000,2026-06-22T00:25:00Z,Up,0.484850564853041,0.5632580167387833,0.7239145518172341,0.6023988697303321,0.121515682086902,0.5845564493323594
6,0x22a7a26bf8bc6dc79a507a2d3da1232f2bd985c1cc2148e538d5ffec6970c457,1782088200000,2026-06-22T00:30:00Z,Up,0.4850043166539358,0.5503708903871838,0.7235974904595457,0.6349004481697906,0.08869704228975508,0.6732534916221145
7,0xbbb176d7db793ff6d68d355c46374159f3dde87fde3f5cd4ea5502b4178ec160,1782088500000,2026-06-22T00:35:00Z,Up,0.4851610490000253,0.6554597665482867,0.7232743861643353,0.46749380950098857,0.2557805766633467,0.9290340682854612
8,0x7086e1c3c9c63e8fb188ac561c06fad30d1946261f916336238924e615c1f07a,1782088800000,2026-06-22T00:40:00Z,Down,0.48532068761292974,0.448147108367789,0.6642112692405234,0.6249283840210951,0.03928288521942834,0.9683169535048896
9,0x62f4bf3277e67df62ae629f2de66fca84cdaf7911d9cb829d18005e46121a5cc,1782089100000,2026-06-22T00:45:00Z,Down,0.48548315640711903,0.4399020409268297,0.6645269891190806,0.6778183924366695,-0.013291403317588844,0.9550255501873007
10,0xae68df6c8a86f33bb3aef2086743c290760ed7080ae4d84123d1c3b4896b9057,1782089400000,2026-06-22T00:50:00Z,Down,0.48564837839878783,0.5221378783150685,0.6648481614464713,0.798475383157852,-0.13362722171138075,0.82139832847592
11,0xb7ad6fd6c1e517a703cba6f4ff8da66d2d6e23dbd41710272bc4647f71f12c2f,1782089700000,2026-06-22T00:55:00Z,Up,0.4858162749590532,0.6128280194347842,0.7219247648060403,0.498357545572396,0.22356721923364425,1.0449655477095643
12,0xdd9420fe9342f9c893fb567cbe1bf8b3649e00fcdca6f27e9da91fb52e7547ee,1782090000000,2026-06-22T01:00:00Z,Up,0.4859867663648083,0.5959374020850181,0.7215738884364882,0.5744672521965803,0.1471066362399079,1.1920721839494721
13,0x497cfbc96d8218978bb345cdfcab9ee4dc3b12ce4c343f9fe678ccf96280ef23,1782090300000,2026-06-22T01:05:00Z,Down,0.4861597713122655,0.5039809864264837,0.6658429039973929,0.8190198123219596,-0.15317690832456676,1.0388952756249052
14,0xc513f6911126c6d6eac0dd1a82ce59501112d94e10a858a0d7a2f0173263e9fc,1782090600000,2026-06-22T01:10:00Z,Down,0.48633520799631746,0.46125507589161446,0.6661843850143565,0.6858998833232459,-0.01971549830888948,1.0191797773160158
15,0x9848b0566110b48334e46d0f253f652216f5ea9eeb0cda61e56ef8bce846ce0e,1782090900000,2026-06-22T01:15:00Z,Up,0.48651299275867743,0.7251322766126966,0.7204916746711894,0.32931011577637564,0.39118155889481365,1.4103613362108294
16,0x3e7cb975646a094b5205de9aa4964dd7911fbb6c10f409c8e9af2e26f0750aad,1782091200000,2026-06-22T01:20:00Z,Up,0.4866930409225435,0.6212086973090463,0.7201216643798157,0.5398009864588054,0.18032067792101036,1.5906820141318398
17,0xa36b9dab1868a51a65a49a08af7a0cbf21094217bd488687927388f95bc50672,1782091500000,2026-06-22T01:25:00Z,Up,0.48687526716733454,0.5742026891433439,0.7197473173416417,0.6826809547456022,0.03706636259603932,1.627748376727879
18,0x05c90f7d12309bbcc45072adaab9fc43bf8abd27e980c362ee00dcbdbccb1f5e,1782091800000,2026-06-22T01:30:00Z,Down,0.48705958474766653,0.4508675446518285,0.6675955935928305,0.6976062793767261,-0.030010685783895652,1.5977376909439833
19,0x33eda4ee2eb48a79403501d56d8514915ab336c633765051db14238167c45b7f,1782092100000,2026-06-22T01:35:00Z,Up,0.4872459059830361,0.5317128931295867,0.7189863468041782,0.7273932975202562,-0.008406950716078082,1.5893307402279053
20,0xe6b82c4bb655187c539a83a4370ae1efeb02029d8fe69421f616c716cf2960cd,1782092400000,2026-06-22T01:40:00Z,Down,0.48743414223505965,0.5178101154067574,0.668326076847751,0.8687509894741774,-0.20042491262642634,1.388905827601479
21,0x31788dca8caf655d948d18c5cbd4446eba89a34e2cad661b1bd0de9639ce30b0,1782092700000,2026-06-22T01:45:00Z,Up,0.4876242039913216,0.5385039331577707,0.718210247604923,0.6736059985751758,0.044604249029747155,1.433510076631226
22,0xf1bf8a8ef8bd1a5c1d8e8e9d5c5dd394dde9b40bad6287e96c464ca00ef236f2,1782093000000,2026-06-22T01:50:00Z,Up,0.487816000888462,0.497632638709204,0.7178169956858083,0.7578771829381487,-0.04006018725234024,1.3934498893788858
23,0x565a17e579b76ee215378e4cf39e15a8d96369205517e81bafe0363230c9b40c,1782093300000,2026-06-22T01:55:00Z,Down,0.4880094414592653,0.42035557218568687,0.66944909824385,0.569414727771315,0.10003437047253508,1.4934842598514209
24,0xd2ae1dced132230c28527209739728f521e96e51134f62b9019f5983d0f983ea,1782093600000,2026-06-22T02:00:00Z,Down,0.4882044340212308,0.4902964290676952,0.6698300227187293,0.7870801218037896,-0.11725009908506034,1.3762341607663604
25,0x698143235e293a095f7563f2b3a18c23687d6b1e9349ca84c0ee54d769c9a2bc,1782093900000,2026-06-22T02:05:00Z,Down,0.4884008855735491,0.4650790678627863,0.6702139441685694,0.6511299397498482,0.0190840044187211,1.3953181651850814
26,0xe299bf57636dc075e35fbc256f95d7d669f87e1c6653b900ff76e335e9c38511,1782094200000,2026-06-22T02:10:00Z,Up,0.4885987027163555,0.5267937561945618,0.7162137796004446,0.6493420007073192,0.0668717788931254,1.462189944078207
27,0xc66a1a3d969dd16fea72ad42ba51700c909168a85c06815b39b6c405eeeefd1a,1782094500000,2026-06-22T02:15:00Z,Up,0.48879779110680066,0.6432629794844693,0.7158063945320758,0.4599328969712686,0.2558734975608072,1.7180634416390141
28,0x83d33a9963fb8b4cf9059985a2e0e92ae51e4e0ffd760a7989d0369729f06e39,1782094800000,2026-06-22T02:20:00Z,Down,0.48899805625600457,0.37578093037087856,0.6713818890388832,0.48871785744279267,0.18266403159609043,1.9007274732351045
29,0x9029d795aec1ebcce3745fc166e460cca750d5f456e0875827d27c819dcd2a76,1782095100000,2026-06-22T02:25:00Z,Up,0.4891994027399269,0.5492404004618554,0.7149851005341703,0.6310581582559114,0.08392694227825886,1.9846544155133634
30,0x111f791cd3a9df820c8444801376105bee783bae53dbe691942e84bbb320e403,1782095400000,2026-06-22T02:30:00Z,Down,0.48940173462108977,0.5069404262020945,0.6721721755457035,0.7363312223526658,-0.06415904680696219,1.9204953687064013
31,0x4873f30af9b82f66a7cb676869560a29dc916865c13b572a4eecd49d71e2e101,1782095700000,2026-06-22T02:35:00Z,Up,0.48960495571645835,0.481806428266613,0.7141564304098627,0.8088091665099699,-0.0946527361001073,1.825842632606294
32,0x208cc7922bb162b9b18a85cf2dd585dfa7288b91dfbdd85d904738195c152ab6,1782096000000,2026-06-22T02:40:00Z,Down,0.4898089692688362,0.47863380058325006,0.672970057552283,0.6952559450310989,-0.02228588747881602,1.8035567451274779
33,0xd2a0d6750b1c64d515fc1b7143788216dae2821bfa624a97b9cb8232439d2944,1782096300000,2026-06-22T02:45:00Z,Down,0.49001367819152764,0.434466172019605,0.6733713778527156,0.586306461349979,0.08706491650273669,1.8906216616302145
34,0x21407665332a188026da6c5a4c28f5fc2f08ed1cfd81243fe1600520fa788630,1782096600000,2026-06-22T02:50:00Z,Down,0.4902189847855508,0.41105333126016064,0.673774031679123,0.551910984027169,0.12186304765195392,2.0124847092821683
35,0x12f1dbc7d09694be752ff0a670b37bdcb34257b5249fca11c092e79ec95a8b36,1782096900000,2026-06-22T02:55:00Z,Down,0.4904247915901254,0.4442524618752356,0.6741778293191113,0.6254688039514125,0.04870902536769877,2.061193734649867
36,0xdb7e2c9e805513d3b1872e2d5a85264fbfbdc6a6c7a70f7c62d1694db62753c8,1782097200000,2026-06-22T03:00:00Z,Down,0.4906310002567782,0.4445499320575498,0.6745825790141189,0.703455669896162,-0.028873090882043206,2.032320643767824
37,0x5ea21ecae8101372ee3b989fb3de01931e287a1436a06d69725fc90859e6566e,1782097500000,2026-06-22T03:05:00Z,Down,0.4908375129438781,0.36566809212082707,0.6749880896926144,0.4711822770749268,0.2038058126176875,2.236126456385511
38,0x40a988bb150b9fe201589cd204dab4b42a1b04d90b5875554e7f3197264ff0a8,1782097800000,2026-06-22T03:10:00Z,Down,0.49104423111422835,0.5851764943395613,0.675394168607547,0.9432637059198266,-0.2678695373122796,1.9682569190732315
39,0x64d0a6e25d2477b104a7f458701490490f7b719ecee00996c57db87f6ccdb676,1782098100000,2026-06-22T03:15:00Z,Up,0.49125105643927014,0.6843012958011538,0.7107999699460552,0.41503484768762144,0.2957651222584338,2.2640220413316654
40,0x70fbea6a92391c3cd24e0ba41745a5a6f3701b5dd37f01342785ff65b051b502,1782098400000,2026-06-22T03:20:00Z,Up,0.4914578903475352,0.47631315595877977,0.710379023510564,0.8015143436244927,-0.0911353201139286,2.1728867212177367
41,0xeea1ec8997bb974139d8acd9b75f5590d6c4beb4bf8f11a4c3708e2fbfe04b83,1782098700000,2026-06-22T03:25:00Z,Down,0.4916646341245714,0.46814522362888467,0.6766138845155067,0.7472869428083271,-0.0706730582928203,2.1022136629249166
42,0x63ab0e04be92fb1b329b090ac5dbccd22fe1108193b10f6145d36bdb5ca840f9,1782099000000,2026-06-22T03:30:00Z,Down,0.4918711896638387,0.5353602134341184,0.6770203042273778,0.8827093355400892,-0.20568903131271143,1.896524631612205
43,0xb113d477e3fbfc1c50893a3d4250cd44bf38dc9108e6a8e986de31bd4af2674f,1782099300000,2026-06-22T03:35:00Z,Down,0.4920774583489602,0.4636740317467312,0.6774263244195251,0.6760959482328189,0.0013303761867062558,1.8978550077989114
44,0x165d53c5727a7384b75a996a8e379a085e37423c859c7045c31bbf35885b9947,1782099600000,2026-06-22T03:40:00Z,Down,0.49228334195004664,0.42020555173904606,0.6778317510641698,0.5577674788793867,0.12006427218478298,2.0179192799836945
45,0xbd911adb7b0c899bf68f892e47ce89cf9199e34c2792262e1028c1e2d07914f3,1782099900000,2026-06-22T03:45:00Z,Up,0.4924887423484865,0.5029873241591629,0.7082836813644013,0.7441393821922789,-0.03585570082787749,1.982063579155817
46,0xa8bc1afb784e60dde5f3f8a316384cbb7c83ab37a73c4d0d853964b51c76fa10,1782100200000,2026-06-22T03:50:00Z,Down,0.4926935618819791,0.4514175830769504,0.6786400478106592,0.6334442169057446,0.04519583090491455,2.0272594100607315
47,0x0018aef7265ed951e9d292f4d2bc6f26ec9ee9c342650b84b93fcc13a9ccb93b,1782100500000,2026-06-22T03:55:00Z,Down,0.4928977027321005,0.47061068549710694,0.6790425302265175,0.7259437468987594,-0.04690121667224176,1.9803581933884897
48,0x1e6bfcd41a1c5705a8ad98e8061d29abeb8100b30134357969a496c23b98d8fc,1782100800000,2026-06-22T04:00:00Z,Up,0.49310106795886227,0.47121028554706895,0.7070411243986128,0.8240071879966478,-0.11696606359803495,1.8633921297904548
49,0x4d00a6802b818a5fd3a5e2af67a02e5ff88de5ef3114e6cd7f893982466f7e83,1782101100000,2026-06-22T04:05:00Z,Down,0.49330356019093524,0.44646636891801694,0.6798431969316417,0.642551559409713,0.03729163752192877,1.9006837673123835
50,0x0de59e8dbfbc5eb796f88f01b93b7d594b5b6cc559b3f83eefa33c79424a5a66,1782101400000,2026-06-22T04:10:00Z,Up,0.4935050834268192,0.6021036651103522,0.7062221237564366,0.5187303174788747,0.187491806277562,2.0881755735899454
51,0x384a66b113b679607bfff28267a8aab596c37d3da3cf732934e8203cadb87104,1782101700000,2026-06-22T04:15:00Z,Down,0.4937055414602841,0.5139743944860894,0.6806368491747793,0.7439364855092299,-0.06329963633445049,2.0248759372554948
52,0x0c2b7bcb47becb99b84ed27d7b4540b9d6a52f2fcc3aa112e7915c4ae6e5fb38,1782102000000,2026-06-22T04:20:00Z,Up,0.49390483876986113,0.6019870663880151,0.7054124186710591,0.5428826311896664,0.16252978748139257,2.1874057247368874
53,0xa9a5909f72b6e85eb3088d4d4e15c407da58da6cbc0bbb195aed539687f2167f,1782102300000,2026-06-22T04:25:00Z,Down,0.49410288039259,0.4355096851523891,0.6814219553004446,0.6014330031738191,0.07998895212662532,2.2673946768635127
54,0xbf5a03d6a6bdacedc8e1d12e9e6e95c74ec3204baaf456d679ebc00f71afef5d,1782102600000,2026-06-22T04:30:00Z,Up,0.4942995721083516,0.5678136869993415,0.7046135284514284,0.6006106396946614,0.10400288875676696,2.3713975656202795
55,0x63b8594590a5fab11c5f10f7d7355fa7d722c8e38fea6ad39eb4928c1c865387,1782102900000,2026-06-22T04:35:00Z,Up,0.4944948199804383,0.5112375988414106,0.7042186073056591,0.7326405721974609,-0.028421964891801835,2.3429756007284777
56,0xbfa6a49e0bac68067e3bbc5427370853f11164bebaf9b4da6e722d52dc3e91f0,1782103200000,2026-06-22T04:40:00Z,Down,0.49468853105699967,0.49061964602398445,0.6825802734762976,0.7145416028378946,-0.03196132936159703,2.3110142713668806
57,0x51c13712fe0ee8304df36fac6edd1cf7a4d53b898004b05764821d45b56f63a0,1782103500000,2026-06-22T04:45:00Z,Up,0.4948806132527478,0.6244795281687091,0.703438734774545,0.5091394793500922,0.19429925542445278,2.5053135267913333
58,0x00ee3b4f6dd637c1159ad399c5cd9306e9810e39ec4c0743c1251a88ef5970aa,1782103800000,2026-06-22T04:50:00Z,Up,0.4950709749543072,0.5043866145200113,0.703054146794026,0.6920581695439473,0.010995977250078795,2.5163095040414123
59,0x263e5f60b7067d4eeca47aa06e9daf83f1ef503eae3bb6cd5de014d1e5803110,1782104100000,2026-06-22T04:55:00Z,Up,0.49525952517021515,0.4895759356121907,0.7026733643042807,0.7317993764184563,-0.02912601211417558,2.4871834919272366
60,0x10edb34ceabc2c6b166bd2107708ca5387644b2b0ef161496607e83da8515e37,1782104400000,2026-06-22T05:00:00Z,Down,0.4954461744565636,0.5012835670954421,0.6840807575682413,0.7109724910525868,-0.026891733484345454,2.4602917584428914
61,0x8e861b653252bea50de30dc05034821f7de97ce87f45cac2421ec2f4f8d3cdfc,1782104700000,2026-06-22T05:05:00Z,Up,0.49563083368131367,0.7021206703866847,0.7019239199157872,0.3607828534992921,0.341141066416495,2.8014328248593863
62,0xd93ddae69dd62904ffab844f493ed1165c49c20faebd185245653d32f5a8ac64,1782105000000,2026-06-22T05:10:00Z,Up,0.49581341488881137,0.5213158341237111,0.7015556062114723,0.6903095155673007,0.011246090644171397,2.812678915503558
63,0xfd656be3ff01f859d71315b1ee327d273b1f163df1cba3bc5f6af750e79cb516,1782105300000,2026-06-22T05:15:00Z,Up,0.49599383111791334,0.3452717384168641,0.7011917930305039,1.1027121212728053,-0.40152032824230127,2.4111585872612564
64,0x8a913e1647ef77356ab6f0b68ca4a485bd5f22af01449b82475cd695342c4314,1782105600000,2026-06-22T05:20:00Z,Down,0.4961719964578894,0.3645315425119846,0.6855203352106244,0.4587869504545515,0.22673338475607288,2.6378919720173295
65,0xf60877df3877f8aad5cccb2de5d30025d60181e6c2675b1ed23f4451e9ce73ca,1782105900000,2026-06-22T05:25:00Z,Down,0.4963478258951887,0.46562233575207157,0.6858693830639077,0.6625514514781198,0.023317931585787877,2.661209903603117
66,0xd19e939ea3c3610f718b636573a81cf0262fdce42e71fb39dc0c34a60850cbbc,1782106200000,2026-06-22T05:30:00Z,Down,0.4965212358482979,0.3969398186519544,0.6862137472469538,0.5525292696003945,0.13368447764655944,2.7948943812496765
67,0x926438f1917f06cb6f5949116ee18129d55b56e881c095e5a5467d2940c609f6,1782106500000,2026-06-22T05:35:00Z,Up,0.49669214353659263,0.42530286528847083,0.6997848773796791,0.8888749346184814,-0.18909005723880234,2.605804324010874
68,0x1322eee01e69b34adb7b9d59e3900c71ad5077792676f17d232c2868d94c3740,1782106800000,2026-06-22T05:40:00Z,Up,0.4968604676347365,0.47170414723980775,0.6994460444974153,0.8389116280488227,-0.13946558355140715,2.466338740459467
69,0x9715c5daade13013b47b130f76722f1a14e0c6e042e75835b8f8ebc333a7a454,1782107100000,2026-06-22T05:45:00Z,Down,0.4970261279284741,0.3609949689817242,0.6872170572272078,0.4598206062138677,0.22739645101334016,2.693735191472807
70,0x92899e6dbd101ded0ca538b07e739fbf789b81196127d378c244f6b6e1ca1f84,1782107400000,2026-06-22T05:50:00Z,Down,0.49718904545648274,0.3639958588770925,0.6875410181355399,0.46502410702574926,0.2225169111097907,2.916252102582598
71,0x28f4dae8da5657b3d3df3d6383aa0ab7646f47be248c2794540b082e8fa7bbcb,1782107700000,2026-06-22T05:55:00Z,Up,0.49734914280565534,0.48767946987864547,0.698463001582796,0.7310273847821862,-0.032564383199390284,2.883687719383208
72,0x3e2f843730a914fc459c237cedcb92fd9ee59e06b6af69e054f26ecdc62ff0e2,1782108000000,2026-06-22T06:00:00Z,Down,0.4975063434744156,0.32995060104253465,0.6881722654820852,0.4062948207863599,0.2818774446957253,3.165565164078933
73,0x9c5e9fba710da1fad0c11b2102e89993ffd58f581fb4709a504ec07b1de43ae6,1782108300000,2026-06-22T06:05:00Z,Up,0.4976605726185114,0.446863957844028,0.6978370179014528,0.8630161245858532,-0.16517910668440047,3.0003860573945325
74,0xbb5ea9c90dde62c8f3527eb9ca172f9506012ea7cfc1f9b7d3d50fc2379b776c,1782108600000,2026-06-22T06:10:00Z,Down,0.4978117569189401,0.3695760096277282,0.6887802456961429,0.48431116857793843,0.20446907711820458,3.204855134512737
75,0xb76ae947dd81b9278bdd45149e27cc9bddfcb63d2cf9e768308485938455150e,1782108900000,2026-06-22T06:15:00Z,Down,0.4979598242943446,0.3089296687410086,0.6890751334438916,0.37627283645581744,0.31280229698807416,3.5176574315008113
76,0xfcf3193d70399c8b9892c6617d46f7e6db82736f454925679c5ee9cf4bf011f7,1782109200000,2026-06-22T06:20:00Z,Down,0.49810470421609987,0.3459206441457001,0.6893637573219448,0.4366147598672298,0.252748997454715,3.7704064289555266
77,0xb46e2583caea33cebcf617c46fcacc5490a195a76bf589f843e3181e56b58a3f,1782109500000,2026-06-22T06:25:00Z,Down,0.4982463276191524,0.38542289065926066,0.689645974233026,0.4977914304585141,0.1918545437745119,3.9622609727300384
78,0x1117e04a436d3147b2c50086e929863fe145c81e066610d063f2b9cd6a14a7b7,1782109800000,2026-06-22T06:30:00Z,Down,0.4983846272368686,0.43657265707914417,0.6899216446280882,0.6433909790849819,0.046530665543106545,4.008791638273145
79,0x9a1e2be712b6f7e24f8bca627912acb31d1ba6b05419fc607c2efde4a7c0f4a6,1782110100000,2026-06-22T06:35:00Z,Down,0.4985195370285088,0.46849485188359163,0.6901906313785171,0.7021045054857364,-0.011913874107219447,3.9968777641659257
80,0xe64efcaa8dba7392f8610d132f51ba03651892b1956300f38356bbc085bec70b,1782110400000,2026-06-22T06:40:00Z,Down,0.49865099279899516,0.3761563633683257,0.6904528010247434,0.4803427210746444,0.21011007995009895,4.206987844116025
81,0x1836a6ec7ed7f73f62e0e5078c4f374ffebf4536900133f2b34a6024892275a2,1782110700000,2026-06-22T06:45:00Z,Down,0.4987789320533946,0.4949517576567572,0.6907080234997494,0.6974056769499775,-0.0066976534502282414,4.200290190665797
82,0xc7b4412d79d745313973c62067e32a0f988a0f44caea239526588294a9ae7084,1782111000000,2026-06-22T06:50:00Z,Down,0.4989032936469179,0.4350586316246875,0.6909561714438893,0.5890055310019058,0.10195064044198361,4.30224083110778
83,0xcc2d7ed4750fbf0d8e77e48907085eab9f6e70eee1bbe2010c08e8f2f951bf9c,1782111300000,2026-06-22T06:55:00Z,Down,0.49902401854189826,0.5326729603298809,0.6911971217282453,0.7808100497096141,-0.08961292798136868,4.212627903126411
84,0x03ac4bee517ff19205849b127b85b59b557d5a7f62929e3fc9129629e98e104c,1782111600000,2026-06-22T07:00:00Z,Up,0.49914104914841456,0.5488974300981966,0.6948665609477866,0.6423187577111891,0.052547803236597676,4.265175706363009
85,0x94872482ca140eab1b91e5337e47989e62eb52431503f1e45694a3d1d94cd2e1,1782111900000,2026-06-22T07:05:00Z,Down,0.4992543299508859,0.4746565473813994,0.6916569527057661,0.6761274857170582,0.015529466988708066,4.280705173351717
86,0x64a54ba2d3ffbe5157b1f371e450995dffddb78e0678d3a40cdedf9d9c468192,1782112200000,2026-06-22T07:10:00Z,Up,0.4993638068140413,0.6086550211932524,0.6944203783223749,0.5309136957382401,0.16350668258413484,4.444211855935852
87,0x2d7f7f1eb1c101c1ac3f77cb413c2b33c708fd61d9aec4d1bfb819e9ce551d66,1782112500000,2026-06-22T07:15:00Z,Up,0.4994694274679382,0.5107176549827388,0.6942088901699148,0.7170339928066831,-0.022825102636768305,4.421386753299084
88,0x7416074ed3e8f593e37e32a47d6f8a871038c2fa78dac06e6d17894502966eaf,1782112800000,2026-06-22T07:20:00Z,Up,0.49957114204795294,0.5139654565445291,0.6940052655609649,0.7229550703680001,-0.028949804807035184,4.3924369484920485
89,0x27b1dfd240d7b50de0a1840fd52c4a858fc442b68845baab1d3231f478a8eaad,1782113100000,2026-06-22T07:25:00Z,Up,0.4996689017954298,0.5113956303887615,0.6938095972838838,0.6974150094847121,-0.0036054122008284256,4.38883153629122
90,0x615a1e513ecc6ac47f1ef9729d03833623e3dc08b8f79903138e2cfb0489d0f3,1782113400000,2026-06-22T07:30:00Z,Up,0.49976266042585155,0.4593735083927636,0.6936219732902389,0.8624930013437502,-0.16887102805351129,4.219960508237708
91,0x3b83b95afd71c0815b6825d589623969a746d2ec4cee7636599b59b1966d14e3,1782113700000,2026-06-22T07:35:00Z,Up,0.4998523729635753,0.5324614876376335,0.6934424790379923,0.6579547499813965,0.03548772905659589,4.2554482372943045
92,0xae4beb0c6ebb85c75215b6ee2b4e6e6e43fe62a636d91ba64cab2edffe1428be,1782114000000,2026-06-22T07:40:00Z,Down,0.49993799701781905,0.42130378168013793,0.6930231830181962,0.5610163148043736,0.1320068682138225,4.387455105508127
93,0xb040dcea3a6ce98199cb27cda955e4530448d41b045859c07b1e005899aac07e,1782114300000,2026-06-22T07:45:00Z,Up,0.500019491686481,0.45128982520634003,0.6931081986103841,0.8087113544575029,-0.11560315584711876,4.271851949661008
94,0xbcb4b50b34a58cbdb54d8dfb33bb1c4244218198e99071e06afe9b3c54015faf,1782114600000,2026-06-22T07:50:00Z,Down,0.5000968182342872,0.4229215777469498,0.6933408363742697,0.6104716867859834,0.08286914958828633,4.354721099249295
95,0x7b53b9154067313e3a4e9279fd1948b5973ba96fb718385c209b33932f9ca715,1782114900000,2026-06-22T07:55:00Z,Up,0.5001699397976332,0.5146826226023711,0.692807359240952,0.6764183088606974,0.016389050380254677,4.3711101496295495
96,0x5c71a07db24b75851f8f627bd1934f80763fb1a5bb67a4c6746e132260379841,1782115200000,2026-06-22T08:00:00Z,Down,0.5002388215528141,0.4484133930272639,0.6936249382428326,0.6149947954580324,0.07863014278480017,4.44974029241435
97,0x52796d79d8d230a57386a2c077c19291fba412d4a29444f0c3cd2b0614c26be0,1782115500000,2026-06-22T08:05:00Z,Up,0.5003034307315084,0.5341031869869826,0.6925405035731336,0.6705486290693827,0.021991874503750897,4.471732166918101
98,0x384a6210349567d10465fef2bd52c05d45fc709f6aa884bef07d1f90c57affd5,1782115800000,2026-06-22T08:10:00Z,Up,0.5003637367161944,0.4713303473998769,0.6924199719635744,0.7645110926311327,-0.07209112066755827,4.399641046250543
99,0x6bb84d524bb9f58f9226476dc61557ea010a6d1891b97c4ae1dca8e64e908bc1,1782116100000,2026-06-22T08:15:00Z,Down,0.5004197106224498,0.45029842553335353,0.6939869546215003,0.6371031353133354,0.05688381930816497,4.456524865558708
100,0x4ebdc63660338d618d05d38c2ba6e92a8102903fb9fa8c2a4266b613ad250df0,1782116400000,2026-06-22T08:20:00Z,Up,0.500471326011396,0.504527428915442,0.6922049728114612,0.7462910216186351,-0.05408604880717392,4.402438816751534
101,0x5183f253093b5b6eeb4147f076fdeddf8a02ddc4589a52d63c4c1823b1497cb0,1782116700000,2026-06-22T08:25:00Z,Down,0.5005185580773581,0.3826279739375093,0.694184835105925,0.48581375157933887,0.20837108352658612,4.61080990027812
102,0x19ba3f8e37b8224562957188d7f1daefa0b63fc6a718fe2a8d05032e18fb5c1a,1782117000000,2026-06-22T08:30:00Z,Down,0.5005613846823274,0.5459791001396777,0.6942705808766385,0.8326803239545395,-0.138409743077901,4.472400157200219
103,0xe2e7d3eef7422d5301db1bf8cea68404f7638fd2e139b1d78e6e8ac15630da39,1782117300000,2026-06-22T08:35:00Z,Down,0.5005997848228964,0.36559070838595875,0.6943474704037251,0.4661794924941697,0.22816797790955548,4.700568135109775
104,0x34601392798399224232c4277e3889741684bd688d4017d625c29126a909e5b3,1782117600000,2026-06-22T08:40:00Z,Up,0.500633740960225,0.6726353963391346,0.6918805013226043,0.4032996893465112,0.288580811976093,4.989148947085868
105,0xe06038edc7d6ad744181fce7a10eec69c76d3921a3eda967ab2df4bbc671b50b,1782117900000,2026-06-22T08:45:00Z,Down,0.5006632364829612,0.419013349761273,0.6944745341486197,0.590773343923002,0.10370119022561772,5.092850137311485
106,0x91aa71208dce1c8c310b9e61b79bdc43ef91c2cba547ff900b8ffeffefdc18bf,1782118200000,2026-06-22T08:50:00Z,Down,0.5006882574393889,0.4576213758322063,0.6945246437606788,0.6167432940775615,0.07778134968311741,5.170631486994602
107,0x002b9e682f7f7dd7d5f1dc5c6006b993eff0a84e32f5a5cef7535aa1edde7916,1782118500000,2026-06-22T08:55:00Z,Up,0.5007087919009792,0.5268576970697652,0.6917306006166998,0.6448097362407933,0.04692086437590646,5.217552351370508
108,0x74d7e0e06d2b5d882b47889f31b065310d046e98fb3a01d88e532fa99e56e876,1782118800000,2026-06-22T09:00:00Z,Up,0.500724830276869,0.5310885237422025,0.6916985697698339,0.6565781367536095,0.035120433016224285,5.252672784386733
109,0x056b5f48af4d9a9cf07b3dab24335fd0a29e3cc1ce08b0e5d27252dc88ef7392,1782119100000,2026-06-22T09:05:00Z,Down,0.500736364769262,0.4366935094422442,0.6946209956397944,0.6333750994094127,0.06124589623038168,5.313918680617115
110,0xd7bce02d49ebde78663ae7b6f807f99fbd58513dc3f7dcc4ab351eea91b5c81d,1782119400000,2026-06-22T09:10:00Z,Up,0.500743390032847,0.5397440344088265,0.6916615046599215,0.6338076890635107,0.05785381559641083,5.371772496213525
111,0xb9366115d5f84ec4a61781e848d7baca975c58cf94a44154f3333ba3d1fd3032,1782119700000,2026-06-22T09:15:00Z,Down,0.5007459024923951,0.4524236438291002,0.6946400993937267,0.6313340968849352,0.06330600250879154,5.435078498722317
112,0xa12472c57ac891949f4b552bf5fdc9e7d7d00e4ef93b7d798d712fe48b0afcfc,1782120000000,2026-06-22T09:20:00Z,Down,0.5007439010096634,0.47831181196752937,0.6946360904575588,0.6677936255989678,0.026842464858590938,5.461920963580908
113,0x12d073635da4b8bfeb54c0ba927daaeaf451fb8370abe421e243e0c3e08d8bfc,1782120300000,2026-06-22T09:25:00Z,Down,0.5007373868910276,0.4332865537242659,0.6946230428992002,0.5825963499069111,0.11202669299228912,5.573947656573197
114,0x663a47380d7af073c72de69bba42a99fea98d78104d232ecc164349c35f9e83e,1782120600000,2026-06-22T09:30:00Z,Up,0.5007263625920011,0.5230547595430649,0.691695509578591,0.6762043447920656,0.01549116478652545,5.589438821359723
115,0x06d0b256d36099ed20524ae55479bb9c230d3a91e5691e53248733c9405334bb,1782120900000,2026-06-22T09:35:00Z,Down,0.5007108338865778,0.38344710834167284,0.6945698598945489,0.4899036981051396,0.20466616178940927,5.794104983149132
116,0x901245563dbdf32c10d459c2a572c1f5b0465786c67301541e9693946c87cfdf,1782121200000,2026-06-22T09:40:00Z,Up,0.5006908079815782,0.5659891796774391,0.6917665182015107,0.5713555480894001,0.12041097011211055,5.914515953261242
117,0xedcfc5e8fcf58a51e1f7f4d3ad109c060b1b89847c6a82d16f6c92f9a169e8ea,1782121500000,2026-06-22T09:45:00Z,Down,0.5006662944978066,0.5021434941339634,0.694480658316784,0.725115802153812,-0.03063514383702806,5.883880809424214
118,0xa829291647f19f35c40842f41d41f80f6ffe78be68ec81d393c45d392f99bb58,1782121800000,2026-06-22T09:50:00Z,Up,0.5006373048951802,0.5142757060070221,0.6918733824966394,0.6727395302026338,0.019133852294005535,5.9030146617182195
119,0x629298e8c671ad0d154e4200a85168a7ae11c6745f4908197f9ce7bdcb05c861,1782122100000,2026-06-22T09:55:00Z,Up,0.5006038532777192,0.4085424303959717,0.6919402028281785,0.8977832970667521,-0.20584309423857367,5.6971715674796455
120,0xc633b205925679699ef2c87462fd30445696d85277190b71fef032bd392f838c,1782122400000,2026-06-22T10:00:00Z,Up,0.5005659553203244,0.556467861915706,0.6920159102150744,0.6059851649204762,0.08603074529459828,5.783202312774244
121,0x842e3c7fc51e5d21dd02bb84524c23e4308d27262dedb071577198c3708d05ce,1782122700000,2026-06-22T10:05:00Z,Up,0.5005236290203262,0.5614066913561342,0.6921004707185052,0.6277686663070982,0.064331804411407,5.847534117185651
122,0x20956516677b9288c15461b4fddc1c6b212191862e61ca685169baede5160549,1782123000000,2026-06-22T10:10:00Z,Down,0.5004768947354138,0.43717475403223194,0.6941014254284477,0.587051466560847,0.10704995886760077,5.954584076053251
123,0x344a1fe73820b0193138d1957bf07f426bab5ae47ac5dbfdd4e72615ab7d686a,1782123300000,2026-06-22T10:15:00Z,Down,0.5004257744867001,0.4550018187293562,0.6939990926051094,0.6210045182031385,0.07299457440197071,6.027578650455222
124,0x31f7df029d572b0322e7dbe72dfdad1955165c77664a5ec35e64900ad8b7bbdc,1782123600000,2026-06-22T10:20:00Z,Up,0.5003702927786854,0.504861312022549,0.6924068694482808,0.7101693094950576,-0.01776244004677687,6.009816210408445
125,0x7539a116373feac541dd4b7358ae7bdf4c5a23442beb8cfeabdf9b4e91377291,1782123900000,2026-06-22T10:25:00Z,Up,0.5003104759632615,0.4831907170196882,0.6925264217460583,0.741764016110676,-0.04923759436461783,5.960578616043827
126,0x3379a1a8e7be440231537fc4025894d1028913f4cc335a33bf3383b1a782bd8a,1782124200000,2026-06-22T10:30:00Z,Down,0.5002463524543921,0.475809694022703,0.693640007348111,0.6846300417760188,0.009009965572092209,5.96958858161592
127,0x2bad209f20eb609af0c0110ff846e5df2703a6c3660aa59f1367ce64dcfb2a79,1782124500000,2026-06-22T10:35:00Z,Down,0.5001779528433331,0.41903560129501527,0.6935031501175364,0.5467717264640815,0.14673142365345482,6.116320005269374
128,0xea10980e48f2a8055af42a8f756007dcfda99ee40ecf47f040e7133efd22ce7a,1782124800000,2026-06-22T10:40:00Z,Down,0.5001053095766732,0.43666974656197766,0.69335782248237,0.5821296661829398,0.11122815629943011,6.227548161568804
129,0xc3ba19e240314ed0dbb41d4223d0622f387f5728689169c0740bf9f6b9ecdb8b,1782125100000,2026-06-22T10:45:00Z,Up,0.500028457523674,0.5516825297608173,0.6930902677851946,0.6231632998184129,0.06992696796678169,6.297475129535586
130,0x27ac92f020064b2daa39d0e0c15883d4f004cfa29d89662a279fe0e2d4de7eb3,1782125400000,2026-06-22T10:50:00Z,Up,0.4999474329188298,0.5414334223989559,0.6932523209730854,0.6267736259408128,0.06647869503227279,6.363953824567859
131,0xe479f8169acfc6394eea91825cb680a9898a41d47e2199e99f06f12528d73542,1782125700000,2026-06-22T10:55:00Z,Down,0.4998622743506829,0.47679422516693065,0.6928717679877832,0.650956670746116,0.04191509724166721,6.405868921809526
132,0x79b33442452e670dc5b83197797b3fb877bee75861073e3011cd5dfaabb24be4,1782126000000,2026-06-22T11:00:00Z,Up,0.4997730226199294,0.465302352507745,0.6936012392629587,0.8036616100185475,-0.11006037075558886,6.295808551053938
133,0x6f11dc0839bd1b0a7f5573a1a04a61597d5b48168f5f45a38633a96246f95dae,1782126300000,2026-06-22T11:05:00Z,Up,0.4996797200309408,0.5649796491142479,0.6937879466977432,0.6596943591146006,0.03409358758314254,6.32990213863708
134,0x62283f4458686a1a13f0cc51469128d7510dec48795c8bb201e0367221f7579b,1782126600000,2026-06-22T11:10:00Z,Down,0.4995824110469862,0.48516667777423017,0.6923123522528235,0.7614596480567617,-0.06914729580393814,6.260754842833142
135,0x4f012e2f06ba6b4bf07d15027e85415f39e3f20d29a1f8e45f3bcd7957b1dc9f,1782126900000,2026-06-22T11:15:00Z,Down,0.49948114188804316,0.5016308865854817,0.692110003506262,0.7490871558896208,-0.05697715238335884,6.203777690449783
136,0xd9cbe72fd896a0b09e522abdbbc811795a697d32ef7beeeafa76e07bcfc6439e,1782127200000,2026-06-22T11:20:00Z,Up,0.4993759609486357,0.4674773922296265,0.6943960393668664,0.8242105196209099,-0.1298144802540434,6.07396321019574
137,0x4496b6a2248e091d3d2d538ce0849d01b311f285e20c5860b98a8fc0ada82a3f,1782127500000,2026-06-22T11:25:00Z,Up,0.4992669181848602,0.4944107345500883,0.6946144213544738,0.7903780908150564,-0.09576366946058251,5.978199540735157
138,0x2fcc402efdaf85beff04b1907b55eef8d93bb3b0d2f622eafc6261378cd11672,1782127800000,2026-06-22T11:30:00Z,Up,0.4991540654937634,0.673335112326908,0.6948404837842359,0.4390753057508038,0.25576517803343224,6.23396471876859
139,0x9d88e710df9188208f2e46ae6b858bbdb95bdfb13cb1329995f5ba6c8b0b9e0f,1782128100000,2026-06-22T11:35:00Z,Up,0.4990374566963926,0.5592912418944095,0.6950741240052765,0.6722733672682384,0.0228007567370382,6.256765475505628
140,0x7780fe8666ca91bb44a9ad4e81cdad620e7ebd5e50c3d01e556a18fa403c9942,1782128400000,2026-06-22T11:40:00Z,Down,0.49891714725607406,0.38259582380250445,0.690983818389418,0.49975400234621564,0.19122981604320238,6.447995291548831
141,0xb359cde132d1782bae6a4470aded46ee8b4d4a376e40ca4b363a2b47022c2cf1,1782128700000,2026-06-22T11:45:00Z,Up,0.4987931944807646,0.5264104163491347,0.6955637107193162,0.6921321691367321,0.0034315415825840745,6.451426833131415
142,0x0ec3e721379445c138d233e7804cc546a0569265c78ffa34c40d40d1faa5bad8,1782129000000,2026-06-22T11:50:00Z,Down,0.4986656573085137,0.4117048889362248,0.6904820515392945,0.5491510184363797,0.14133103310291478,6.59275786623433
143,0xc426b1a38e6344674ff7bc46f883b2dfd7aaf19d08a22f452f081b30d3fb858e,1782129300000,2026-06-22T11:55:00Z,Down,0.49853459670602285,0.4714141450515801,0.690220662251303,0.6846846412022518,0.005536021049051265,6.598293887283382
144,0x1ecf0c085310fc1e1001aa42a6c8660140baa9508854ecbc30057505c5ed9e43,1782129600000,2026-06-22T12:00:00Z,Up,0.4984000748185137,0.512412979458013,0.696352163350412,0.7611365036943292,-0.06478434034391724,6.533509546939465
145,0xe8903db8bcb2e481e3b53690fffef8a461a4532c21d4411a82230979979c1005,1782129900000,2026-06-22T12:05:00Z,Down,0.4982621557265719,0.4411362001340601,0.689677520288657,0.6162649316012299,0.07341258868742716,6.606922135626892
146,0x54d28d9d3ce92994e799f3d074030bd8480aedfc461c1d9a5a57de9823a46594,1782130200000,2026-06-22T12:10:00Z,Up,0.49812090528025754,0.5348652998053266,0.6969124518946632,0.6682853693860318,0.02862708250863137,6.635549218135523
147,0xd89d4cb057d8aee2ed956e99ff6f0b72e0742ff2a30d1ae56042451603a03c64,1782130500000,2026-06-22T12:15:00Z,Down,0.4979763906942125,0.39196411989452284,0.6891081321281964,0.5093689603734156,0.17973917175478074,6.815288389890304
148,0xb0ff4bdb32f4d1dd08eac4d6de14f1b76ce5d3b4132af8f2a987ae30b19b2322,1782130800000,2026-06-22T12:20:00Z,Up,0.4978286807429271,0.6081937109821748,0.6974992780744358,0.5263115161322964,0.17118776194213936,6.986476151832443
149,0x31dcb474e0319203ef36f5ed3cdb63fc7addf6f0f3b43923894acc2957222c48,1782131100000,2026-06-22T12:25:00Z,Up,0.4976778457441309,0.44680762836596866,0.6978023098392441,0.8653367768028615,-0.16753446696361746,6.818941684868825
150,0x9204bd50fd17f1444cc12afe0405465ad1585038380b23d1c409f1ab0edc5326,1782131400000,2026-06-22T12:30:00Z,Down,0.49752395764396584,0.5087774542540071,0.6882073195967304,0.7888195927631962,-0.10061227316646565,6.71832941170236
151,0x5ce6f7ea9fb91be3cc952e7da8389c6a7a8b19e28e7c24cd2b1b204fe4833e28,1782131700000,2026-06-22T12:35:00Z,Up,0.49736708976324273,0.6523282287672629,0.6984269169884043,0.44556826101437386,0.2528586559740304,6.97118806767639
152,0x0be12a61bebc29936dedc43b31123f925b7043a9a96b66b3a7a1acf63fb591ad,1782132000000,2026-06-22T12:40:00Z,Down,0.4972073166382096,0.4795442391788004,0.687577356853915,0.752743487839188,-0.06516613098527291,6.9060219366911175
153,0xe13fb0eca7cec5e5bc4c137fdeade676c39ad3cda0196814d8a90f98b48fcd57,1782132300000,2026-06-22T12:45:00Z,Up,0.4970447146106819,0.5910586753503122,0.6990752907515575,0.6071082230173971,0.09196706773416044,6.997989004425278
154,0x2572da6844ad282c1d000d4d773f38d16fb57d7fb1614f579cf317cded1b4c42,1782132600000,2026-06-22T12:50:00Z,Down,0.4968793609179458,0.48279723055306184,0.6869253013889741,0.741519943060363,-0.05459464167138879,6.94339436275389
155,0x2bdefa75fb347e5c6d0977b4f0fc92ded653d8cf810c1a30f5810ad9e41e2372,1782132900000,2026-06-22T12:55:00Z,Up,0.49671133443972537,0.5554120497998702,0.69974624068908,0.6246115249988031,0.07513471569027684,7.018529078444167
156,0x464f0ca18263cf99776c0aa914ee28f55178f624d84985db8a950137af92fbb5,1782133200000,2026-06-22T13:00:00Z,Down,0.4965407151464365,0.48081687756629365,0.6862524373933336,0.7314704441334898,-0.04521800674015611,6.9733110717040105
157,0x04afcd875b77655d4a879e4b6bf883f466f9988a1063297083a093c99a2ac5e3,1782133500000,2026-06-22T13:05:00Z,Down,0.4963675845855654,0.3516339773051839,0.685908614643071,0.4387740638871447,0.24713455075592627,7.220445622459937
158,0x0efc584c81ff251d87bc17f4c8cbb04494bbbfcd94d10016cbdaa204940dd296,1782133800000,2026-06-22T13:10:00Z,Up,0.4961920248010856,0.6364882495993957,0.7007922837304567,0.4696009318448997,0.231191351885557,7.451636974345494
159,0x70d9164650cd3acbd1f99a945908ac3550fb3e3f55e96a12b431d34063fcfe70,1782134100000,2026-06-22T13:15:00Z,Down,0.4960141196858726,0.4140790668722645,0.6852070298631232,0.5531049172983171,0.13210211256480597,7.5837390869103
160,0x82d5f01d9bf78b44a404d4576e97081c306b35e72f69b60f753be6ed9cb6d567,1782134400000,2026-06-22T13:20:00Z,Up,0.49583395414599973,0.4841564260635509,0.701514181677306,0.7755370771086322,-0.07402289543132629,7.509716191478973
161,0x6e60d8109d09d12eacca9fc7ff934f1823f9fe2bd66a1195ce31234eea67eb84,1782134700000,2026-06-22T13:25:00Z,Down,0.49565161372536914,0.3161667595619485,0.6844880105685347,0.3850892571244503,0.2993987534440844,7.809114944923057
162,0x2cb84b874ceea52964f9143116ea79f819758489a036f70758c68402a9a6ddab,1782135000000,2026-06-22T13:30:00Z,Up,0.4954671853868552,0.4826731527665835,0.7022541563327226,0.8781424414933747,-0.1758882851606521,7.633226659762405
163,0xa641375007b428b86e299746f1191d0ba40cb2c8eb3ed16ac3c2631b0b796aea,1782135300000,2026-06-22T13:35:00Z,Up,0.49528075702189805,0.5822469495218133,0.702630495054563,0.620412152784708,0.082218342269855,7.7154450020322605
164,0x09033b6d53fc0f77622be7d917c9980314249cac9080b5add7479049a11021d3,1782135600000,2026-06-22T13:40:00Z,Up,0.49509241747291255,0.4705296456939282,0.7030108357075437,0.801516364140794,-0.09850552843325017,7.61693947359901
165,0xe2088d5da1b9844d6039b178d7b9c1910e6391cc915bd77792e55ded33a19a54,1782135900000,2026-06-22T13:45:00Z,Up,0.4949022564490239,0.5149952502336795,0.7033950015389736,0.7136938445453724,-0.010298843006398967,7.6066406305926115
166,0x39a5a3c35707fb350ce7730954510273e0c835631adbee44c8b0dc5b4821e737,1782136200000,2026-06-22T13:50:00Z,Up,0.4947103645026231,0.5122219223177069,0.7037828138618012,0.8009127391117652,-0.097129925249964,7.509510705342647
167,0xb61a22a4e55a25683dee82157442b4030849fcfef46a844e1877a0853e2fc4f9,1782136500000,2026-06-22T13:55:00Z,Up,0.49451683328205676,0.47709040737169817,0.7041740915333881,0.7830510317563185,-0.07887694022293054,7.430633765119716
168,0x3a17c455b53a1a0267d47c4abbac7eb2595eeedf407969a5233471c158dc3c4a,1782136800000,2026-06-22T14:00:00Z,Down,0.49432175464231065,0.3019907981014731,0.681854694624252,0.3639538535186382,0.3179008411056138,7.74853460622533
169,0x740b86bacce94da1687e90673483bc23dc47640bdcd07e126c2b4534f3b0cd05,1782137100000,2026-06-22T14:05:00Z,Down,0.4941252217482417,0.3939543797139469,0.6814661181189955,0.5209621877325967,0.1605039303863988,7.909038536611728
170,0x26c2817b4a12d1b8f5d393d666a39a028adfb3baede74b4a4a235eda4145b6e5,1782137400000,2026-06-22T14:10:00Z,Down,0.4939273281546088,0.46815810770797234,0.6810750037962631,0.7188017891127576,-0.037726785316494496,7.8713117512952335
171,0xe5843d580f5dac55096645f5d2c580e4aaeb5465207ed0e6aeb2e904758f89d9,1782137700000,2026-06-22T14:15:00Z,Down,0.49372816834995303,0.40302075027895556,0.6806815413277622,0.5703234880669716,0.11035805326079044,7.981669804556024
172,0x015c05640ebb1047bc9067dd65262b673d458ff48c92b97dcd7a874ab0905240,1782138000000,2026-06-22T14:20:00Z,Down,0.4935278369590785,0.41461425965034404,0.6802859203754532,0.5979218178334187,0.0823641025420346,8.06403390709806
173,0xae7748ee50dbdb6ce54f1c55619c4b22b30569ace2195853dfbdf58200621cd6,1782138300000,2026-06-22T14:25:00Z,Down,0.493326429532242,0.4865444150372346,0.6798883321449589,0.7074033114011871,-0.027514979256228075,8.036518927841831
174,0xbc5788bce92b42e21af18041b63f7da5e12fde81709a23c7a94d5aa957b378e6,1782138600000,2026-06-22T14:30:00Z,Up,0.49312404212302985,0.49941102658857883,0.7069945342848849,0.7658677472879815,-0.05887321300309656,7.977645714838735
175,0xb0bf1ee3965962ed8076ad7b9ed73953ca93c14177ac9c4b11ab7d56b8a52383,1782138900000,2026-06-22T14:35:00Z,Down,0.4929207710202055,0.4176038444512501,0.6790880216546631,0.5741277497490783,0.10496027190558471,8.08260598674432
176,0xe1fc4da0367dfd8bf6d159bb1e37877d3aae70536069597983ed83b9eda5e879,1782139200000,2026-06-22T14:40:00Z,Down,0.49271671307622855,0.5044344650624637,0.6786856843646218,0.7503203613713955,-0.0716346770067735,8.010971309737545
177,0x5037da6856829106ca8844b0c3856b04929e549834d189e70e2b99b1f022ff7e,1782139500000,2026-06-22T14:45:00Z,Up,0.49251196546235065,0.5125012647277735,0.708236527857019,0.7442509957096523,-0.036014467852633375,7.974956841884912
178,0x080fda3ebd15742fda4770e3b7338e100d9280d361946b241ae960756a4fb933,1782139800000,2026-06-22T14:50:00Z,Down,0.492306625951293,0.4977036334268937,0.6778776123341492,0.7614844968252472,-0.08360688449109813,7.891349957393814
179,0xdfa7041af711cb37ec543c0938a6aca6832b04e04070166e7f0aae5b871cbe91,1782140100000,2026-06-22T14:55:00Z,Up,0.4921007920664926,0.5578610786092995,0.7090717261459505,0.6429503595717483,0.0661213665742022,7.957471323968016
180,0xc9cdf1832f3fa787e1a53303f821ac707e893fd7e1e53c24432cfa1999e3e9ca,1782140400000,2026-06-22T15:00:00Z,Up,0.49189456220804906,0.6902240585601329,0.7094908945294107,0.37367594216678957,0.33581495236262127,8.293286276330637
181,0x22d79bfed2799d754494003263052d0e4f8fe5bd26897849de6bb42f2503a841,1782140700000,2026-06-22T15:05:00Z,Down,0.49168803425792357,0.4722999563935767,0.6766599184328388,0.7548214649210058,-0.07816154648816695,8.21512472984247
182,0xc4560a3abcda9367bdd3577f8ea733bf64953d0bc2fd297182774c6c7e50ce27,1782141000000,2026-06-22T15:10:00Z,Up,0.49148130678240665,0.6029894907189457,0.7103313777579285,0.5253243485980958,0.1850070291598328,8.400131759002303
183,0x8563a5e9de7c8c50b6c8702809b1f7802f3efd3241e895a211d478b68613a795,1782141300000,2026-06-22T15:15:00Z,Down,0.49127447812777736,0.41541471429849863,0.6758466619752506,0.5843014731076283,0.09154518886762229,8.491676947869925
184,0xe92068c56170b2159be93f6fc3a81c08b484dc2543c442fbc72bf484ff8bed6d,1782141600000,2026-06-22T15:20:00Z,Up,0.49106764687185334,0.4939782244412031,0.7111733916594627,0.7545842884649837,-0.043410896805521106,8.448266051064405
185,0x03a4fa80e242fad4fd14486fdf3963b22a145ef52aa267a385e39aae22d64458,1782141900000,2026-06-22T15:25:00Z,Up,0.49086091172402324,0.5348968857518238,0.7115944714779405,0.6614742864788912,0.05012018499904943,8.498386236063453
186,0x4a7db4c9f2268212bf4807055eeaa25fe62f0cf53068a001d706daba1acc6d49,1782142200000,2026-06-22T15:30:00Z,Up,0.4906543707744029,0.5457858228139132,0.7120153328804502,0.6388262146825734,0.07318911819787667,8.57157535426133
187,0x4ab3e054e80b8a1d29994f0847fd5c47e4ab05739729359768e68fde86dfb01b,1782142500000,2026-06-22T15:35:00Z,Down,0.4904481226115709,0.44328921974813384,0.6742236155993178,0.6398178664793398,0.03440574911997801,8.605981103381309
188,0x1705e5b319360a4e7ab06fe7575a4310cd08189d13b323e6be289acc9251ab3b,1782142800000,2026-06-22T15:40:00Z,Up,0.49024226542632154,0.5385754621594303,0.7128555954396529,0.641469962120111,0.07138563331954198,8.67736673670085
189,0xcdf0cafb1dc87b5a7aa697a760e11d7a64c081f06f232e131179ece89bb362c4,1782143100000,2026-06-22T15:45:00Z,Down,0.49003689728693656,0.4396807863922523,0.6734169077447634,0.5892993514840086,0.08411755626075477,8.761484292961605
190,0x6c2e49a61958e372e60e6c6024b02a59c94713342cdf8aaf33576e1905828c06,1782143400000,2026-06-22T15:50:00Z,Down,0.48983211579430164,0.4429521719772489,0.6730154269288162,0.6693111802867953,0.0037042466420209585,8.765188539603626
191,0x2a09147da2d59cc5f917ec1712cf74c96d83fae5b76de0f55ddf5e9a896b7b3f,1782143700000,2026-06-22T15:55:00Z,Down,0.48962801869433137,0.46170042271463413,0.6726154481985693,0.6907971314714951,-0.018181683272925714,8.7470068563307
192,0x01359bc25c6fc13ac7c8ca85b2e668d42d0ca4b6e858ad304e12d02e9bd84f76,1782144000000,2026-06-22T16:00:00Z,Down,0.48942470284374734,0.39202319627610716,0.6722171595178503,0.517694296458558,0.15452286305929236,8.901529719389991
193,0xe77e1cdc66c2673c1ea629eabe73fecebfc2bed3aad56af97ac108b3e8278508,1782144300000,2026-06-22T16:05:00Z,Down,0.48922226551970405,0.45201159425040904,0.6718207493807709,0.6634035462543328,0.008417203126438073,8.90994692251643
194,0x16e316af860c1cab27dfc5125c3e21acc9fb98622021152eb45c0c984b1b6fcf,1782144600000,2026-06-22T16:10:00Z,Up,0.48902080261923553,0.536495148945833,0.7153502536971901,0.6857484243872154,0.02960182930997468,8.939548751826404
195,0x4d1da4f1905cc526bc6ff3da429eb3589043d7168a596996f902b79fd641e4da,1782144900000,2026-06-22T16:15:00Z,Up,0.4888204102335941,0.5084583577299946,0.7157601205825652,0.7407998207537645,-0.025039700171199303,8.914509051655205
196,0xab4480032e5802fff1a4bd6ee1c7de583352404fb12c92af013b5b112ab5e2bb,1782145200000,2026-06-22T16:20:00Z,Down,0.4886211837592004,0.5279103110359571,0.6706446440117966,0.7978284149251298,-0.12718377091333313,8.787325280741872
197,0xbd59cf04d72f2d2a64d2bc1a30e08b11671c45e6b9113e4d72a29b3710c6db9e,1782145500000,2026-06-22T16:25:00Z,Down,0.48842321802408595,0.4521912650957946,0.6702575973676459,0.6341813746329272,0.036076222734718666,8.82340150347659
198,0xdee3d89e46ec32aec1f435a0fb54fd296f8ce6f26121d87d4cc1cec7e26fc7ee,1782145800000,2026-06-22T16:30:00Z,Down,0.48822660710388177,0.46556347943140836,0.6698733477583918,0.6399120829686356,0.029961264789756185,8.853362768266347
199,0x0ade7f0195238f7f2b54c8704c7bbabb1d16b3eaca0805613b6430b0bbb4a7e4,1782146100000,2026-06-22T16:35:00Z,Down,0.4880314447813154,0.46396562152962983,0.6694920751990685,0.6793344278232515,-0.009842352624182905,8.843520415642164
200,0xd289f460d337f4b9a888c4ad28ad671ddec3c9795171236275a6440130428510,1782146400000,2026-06-22T16:40:00Z,Down,0.48783782384532104,0.4285507080185823,0.6691139575128497,0.5995160581362319,0.06959789937661796,8.913118315018782
201,0xcf28d30d36ba262f287501614ebab2277db7365a6c2b1807804d96f377bd121e,1782146700000,2026-06-22T16:45:00Z,Up,0.4876458362096102,0.5072720187991655,0.718165886111428,0.7404923811125851,-0.02232649500115713,8.890791820017624
202,0x6ec7f6a8d3603dd39983b90f9173183fe99ad968f56776a232fcea249cc5e436,1782147000000,2026-06-22T16:50:00Z,Up,0.4874555733074246,0.6323010120042071,0.7185561283324103,0.4953941405580559,0.22316198777435436,9.113953807791978
203,0xead521fb878a69ee3301071b7ce5ce3883ea62f1bc35e2a010646edc443cc10f,1782147300000,2026-06-22T16:55:00Z,Down,0.4872671259419045,0.5103587975750357,0.6680002862743843,0.7371578663646696,-0.06915758009028534,9.044796227701692
204,0x4696cbe743e985b4c3ee5e51e04324591cae498d3bd6d2b48ca03a409d6e05de,1782147600000,2026-06-22T17:00:00Z,Up,0.48708058336129373,0.45748383417131966,0.719325704480124,0.8370686279371028,-0.11774292345697879,8.927053304244714
205,0x07045e9c8b74d465dd6586528c7f70d9a0190d10fb97436ffa59d16edf207b12,1782147900000,2026-06-22T17:05:00Z,Down,0.48689603449430674,0.4550252447229338,0.6672767958952321,0.6771736184242849,-0.009896822529052718,8.917156481715661
206,0x8f8aba606d93caa3a04ce5531637a7b1d3a3fd5940cc45682095b6e856f08da1,1782148200000,2026-06-22T17:10:00Z,Up,0.48671356708644575,0.5429173785167106,0.7200794905086765,0.6227213624691209,0.09735812803955557,9.014514609755217
207,0xdc071a522a792f59722b1788be61bc65f6af4d949178d0d8486058909a6c06dc,1782148500000,2026-06-22T17:15:00Z,Down,0.48653326788215967,0.4603433821175458,0.6665700414342659,0.6634192701332037,0.0031507713010621857,9.017665381056279
208,0xf4747922fdfdb643940ffd93ff54f7a4fef774e5b8bbe8efb64eaf24b88573df,1782148800000,2026-06-22T17:20:00Z,Down,0.4863552225693618,0.4425828741971408,0.666223350046183,0.6350172597871726,0.03120609025901043,9.04887147131529
209,0xc623da59b6e61b7ce2580fdc7bc40f74a21df5e652eb0e5a7ebc0aaeb4117fb8,1782149100000,2026-06-22T17:25:00Z,Down,0.4861795159329549,0.4854102833250431,0.6658813303429265,0.6935439929931244,-0.02766266265019779,9.021208808665092
210,0xb5f84cd34c8cf806ef2716eb3799a58101d0de103cd6da88e583fc08d589ae74,1782149400000,2026-06-22T17:30:00Z,Down,0.4860062313207482,0.4263068800601995,0.6655441397308868,0.5872955997346769,0.07824853999620987,9.099457348661302
211,0xee8004a813d8b58708edde9742ecb3edbd2cc77f4d401e0dc0b81c510bd7bda9,1782149700000,2026-06-22T17:35:00Z,Up,0.4858354512745825,0.5329973217573839,0.7218852932284444,0.6774470463373656,0.044438246891078906,9.143895595552381
212,0xa56a080c1eadf701f07e29ed3e32108f7d5f9d181abec8a2a5d54c7fe31ebecf,1782150000000,2026-06-22T17:40:00Z,Down,0.4856672568768251,0.49026932724058536,0.6648848655729716,0.7042820301179468,-0.039397164544975244,9.104498431007405
213,0x5f6ada0cb52ceb3990583e4aadc16bcb74403d4156ab394b710126c3fabf4c41,1782150300000,2026-06-22T17:45:00Z,Up,0.4855017280947591,0.5674080507118553,0.722572434843145,0.6168642474278261,0.10570818741531891,9.210206618422724
214,0x078432a420cd42c8f5ddc333e2642af458042113482a876576a6db6b9ea2f1f1,1782150600000,2026-06-22T17:50:00Z,Up,0.4853389436392793,0.6293812250180412,0.722907782163754,0.48334255332148024,0.2395652288422737,9.449771847264998
215,0x7701e44cddf7b412758e07d28650684dda8aa5375dad32b22d1cc43bb904c22c,1782150900000,2026-06-22T17:55:00Z,Down,0.4851789806702958,0.4629655538846718,0.6639359764913735,0.6442835081333094,0.019652468358064168,9.469424315623062
216,0x816ffa51aa7b82f6fee782513fd010c0b81e5d11bd589d5baf999655a18bece1,1782151200000,2026-06-22T18:00:00Z,Up,0.48502191543335005,0.5887079980930432,0.7235612053035793,0.5819386558220058,0.14162254948157355,9.611046865104635
217,0xf04e2cee1bf13593d476e1cb5bb535180f917bdb89b1ae1a448c10e598f6cfd8,1782151500000,2026-06-22T18:05:00Z,Down,0.4848678225148856,0.48295695784465065,0.6633317582384541,0.6895514766079879,-0.026219718369533657,9.584827146735101
218,0xfb7f054417a876074a844c7a449f6dc849fe0be7ec18d195f3a1d10e1cd8b7e9,1782151800000,2026-06-22T18:10:00Z,Up,0.4847167749746989,0.4879412135504716,0.7241905302398258,0.7216230533503767,0.002567476889449097,9.58739462362455
219,0x46f8865dc973827d60afb83c4c58966a0439b99441cbf338fa397f6b033648c6,1782152100000,2026-06-22T18:15:00Z,Down,0.48456884463373795,0.4730706155921205,0.6627515357985381,0.6869687554722176,-0.024217219673679374,9.563177403950872
220,0x6902839d9e6c56a9a706e1e5fdb672970ed60fc5d388067c84da9ea5b76e0aea,1782152400000,2026-06-22T18:20:00Z,Up,0.484424101759766,0.5154362144164117,0.7247945149261799,0.6847215331272051,0.04007298179897476,9.603250385749847
221,0x04e35e5ec0291b6869d0684a70250bf4212b9201b4d3f1c70726a10badf34366,1782152700000,2026-06-22T18:25:00Z,Down,0.48428261515689786,0.3603193723481024,0.6621963692652575,0.4814194374385132,0.18077693182674429,9.78402731757659
222,0x31fc74c641731e13d81b13bc391514b439c045acb61e9032f5b9812a05b011de,1782153000000,2026-06-22T18:30:00Z,Down,0.48414445183155,0.48306645475602994,0.6619284999378587,0.6745395410973948,-0.012611041159536075,9.771416276417055
223,0x36706222f87fe769a15248005137baedca60fcd87deed91ee2dd4d135b5419ef,1782153300000,2026-06-22T18:35:00Z,Down,0.4840096775648678,0.4619720711745902,0.6616672703905733,0.6481954640579771,0.013471806332595995,9.784888082749651
224,0xfffb87800fd1bb543c5f18384f6d4c040f90b1ad1c20d779d06b8b44b42b5375,1782153600000,2026-06-22T18:40:00Z,Down,0.48387835629402687,0.4300323963899513,0.661412799319943,0.5673351164765623,0.09407768284338075,9.878965765593032
225,0xdc247ac6c81ff57ea0c382e9e167d430cc06ecb6c1d3d1b14e9b8ce7a8070d11,1782153900000,2026-06-22T18:45:00Z,Down,0.48375055025807767,0.4894788604939321,0.6611652021450795,0.758811215961567,-0.09764601381648746,9.781319751776545
226,0xa6b3cfae11e9348c0a98be20a99ef2820bc686c210e82365335512a6b38ad285,1782154200000,2026-06-22T18:50:00Z,Down,0.48362632034803077,0.39671621664846873,0.6609245916977471,0.5232041643516228,0.13772042734612422,9.91904017912267
227,0x387bebb9d44df9f851b7b9fcde0d6c7a441a32fe8ce786f7f74bed5d7d925b23,1782154500000,2026-06-22T18:55:00Z,Down,0.48350572535112546,0.49672446732058395,0.6606910767703515,0.7773027681036359,-0.11661169133328417,9.802428487789385
228,0xa6dbd80cced7dbf41b34346b6167d3d9ea4a2321395260f3d58706c5c340a2d2,1782154800000,2026-06-22T19:00:00Z,Up,0.4833888226099554,0.532779052099268,0.7269339349099819,0.6687319740969608,0.058201960813021175,9.860630448602405
229,0x3b6006459744331e37e253b58c730339b55b07e415909d0a224308ce89196925,1782155100000,2026-06-22T19:05:00Z,Down,0.48327566739699424,0.4464304091723441,0.6602457536906845,0.6529863640876077,0.007259389603076802,9.867889838205482
230,0x8e2c89093ae817102e352ee22d0b8e2f15a8972900ea464a0efe5e794affcca0,1782155400000,2026-06-22T19:10:00Z,Up,0.48316631360829676,0.5822997749185744,0.7273943513023152,0.5684886236443333,0.15890572765798192,10.026795565863464
231,0x46c56fec92f92bb4b73dd816a58c8cada090bc7ed5655d1a3487262453a9bd57,1782155700000,2026-06-22T19:15:00Z,Down,0.48306081327942846,0.45876242399840217,0.6598300396770884,0.663531782458335,-0.0037017427812465337,10.023093823082219
232,0x9f98587c0e6825f398e07b0390213c96b90b450c3bc30274bb176fce99caa8f8,1782156000000,2026-06-22T19:20:00Z,Down,0.4829592160465255,0.4713664500770909,0.6596335227680363,0.6763652307063528,-0.01673170793831643,10.006362115143903
233,0x19806432a854fa446983637940d0216f498b9a5ec61b1a37984ce0d93705ef8b,1782156300000,2026-06-22T19:25:00Z,Down,0.4828615704445662,0.4681453057741019,0.6594446857840215,0.7032162362956802,-0.04377155051165871,9.962590564632244
234,0x1cfc13c69f4b6b2b09d2611e844619796d5dd296dfc302741033d70a97703a47,1782156600000,2026-06-22T19:30:00Z,Up,0.48276792254116974,0.5524516369750231,0.7282192333799241,0.6261012608047389,0.10211797257518515,10.064708537207428
235,0x3f34cbf8441a40406416006a16b132c8df6d5d8c6eff8baea21965e71b3fb589,1782156900000,2026-06-22T19:35:00Z,Up,0.48267831710088793,0.5560172812575215,0.7284048582183874,0.6106400341689806,0.11776482404940676,10.182473361256836
236,0x6a60dbafc5fc464cbd888c656f5eb0a7ec04c706df4ee832551c4ab613c2462f,1782157200000,2026-06-22T19:40:00Z,Down,0.48259279631110197,0.4804882980282228,0.6589250871467118,0.6588433632718733,8.172387483865173e-05,10.182555085131675
237,0xa98cf0afdfb6948f55bf55a4f576deeb819738e83895adc985ecfcc189ba6a86,1782157500000,2026-06-22T19:45:00Z,Down,0.48251140087726563,0.4190259350639497,0.6587677853814873,0.5831465457018259,0.07562123967966142,10.258176324811336
238,0xd4d0ede036a8ea5ba9acba88a86ae4c6c841aba068262f3be9ddb23215ce877d,1782157800000,2026-06-22T19:50:00Z,Up,0.4824341693459153,0.6424728887565425,0.7289108047355828,0.4590996718630146,0.2698111328725682,10.527987457683905
239,0x628bd0f5c72cbd0e8ce15a42d986ec03430358cd935e3e32d5fc0c2bd7260f44,1782158100000,2026-06-22T19:55:00Z,Up,0.48236113839981076,0.5352197052406541,0.7290621962530539,0.6539619050328458,0.07510029122020812,10.603087748904112
240,0x18214c9706845611805078c7a982be25c9417836c6f5b60b62a039109dcdb333,1782158400000,2026-06-22T20:00:00Z,Up,0.4822923426902285,0.638873556956948,0.7292048291866831,0.4850947596235561,0.24411006956312703,10.84719781846724
241,0xd9327c91bafb36842f6cf49b51895526ecb0c9adc9e8abd2525d62ab3c170d6c,1782158700000,2026-06-22T20:05:00Z,Down,0.4822278148218091,0.4738941763637027,0.6582199307950878,0.706402036758118,-0.0481821059630301,10.79901571250421
242,0x023e8a8e333ed236364139b37584dac910cdd31b528cebc4e55680342c863779,1782159000000,2026-06-22T20:10:00Z,Down,0.482167585257554,0.4638391323705285,0.6581036130601718,0.6429292055352374,0.015174407524934513,10.814190120029144
243,0x278dc1d3e3ee6c01451fc3fd394f8f023c94873110952eee3210c04836b25e37,1782159300000,2026-06-22T20:15:00Z,Down,0.48211168273627053,0.4558682861265957,0.6579956639881743,0.6210191915769319,0.036976472411242474,10.851166592440386
244,0x20cc02f4e763cf8bac4e950af1d252ab7db173a42c82c5483f118746ea0ea79a,1782159600000,2026-06-22T20:20:00Z,Down,0.48206013356129196,0.41270328726860717,0.657896131655229,0.5359807551739644,0.12191537648126458,10.973081968921651
245,0x4db0d7951eae901ea582e5e904867637749a234e1e6468afcc41a9da575ac51d,1782159900000,2026-06-22T20:25:00Z,Down,0.48201296241202185,0.42673903887153203,0.6578050611943909,0.5647443488059889,0.09306071238840188,11.066142681310053
246,0x82a7a978ce198159e9b9468992cca31fdd50b73f9156f39135b9025bfe514c04,1782160200000,2026-06-22T20:30:00Z,Up,0.4819701913110246,0.579997884530869,0.729873010782221,0.5740022034695891,0.15587080731263192,11.222013488622684
247,0xf1201f4168df4873518a417aedadedb0cce77279eddd2a8a03d68b3a7e998545,1782160500000,2026-06-22T20:35:00Z,Up,0.4819318411553145,0.5657428637401145,0.7299525834690358,0.5958863158769276,0.13406626759210816,11.356079756214791
248,0xb3c693f2bf7d0aedcd04f21c4f80f1bfa55f41c5bc10918cd0ff0f3f68048f74,1782160800000,2026-06-22T20:40:00Z,Down,0.4818979293896034,0.5087001085993528,0.6575830087212522,0.7299462285474494,-0.07236321982619716,11.283716536388594
249,0xda933b9bc46da9ee9d0fd0cdf0b8606c4992a0b50740ecd6f2a593ba9c10c460,1782161100000,2026-06-22T20:45:00Z,Down,0.48186847254024767,0.4894617486077444,0.6575261550104562,0.6903578163418795,-0.03283166133142343,11.25088487505717
250,0x28c4bc7e72642ad3bd1abc773d12658d170b0b6cb51e092dd46041785c24f0ae,1782161400000,2026-06-22T20:50:00Z,Down,0.48184348448550723,0.4337305052657211,0.6574779289092099,0.5917501457700403,0.06572778313916948,11.316612658196341
251,0x65e9cea4da83cf2ae59065aabccf62085d83ac169e64e2c18dfae76631179612,1782161700000,2026-06-22T20:55:00Z,Up,0.48182297709129596,0.48880264213756,0.7301784998735942,0.7260597535828892,0.0041187462907049666,11.320731404487047
252,0x1de000bae75bf29ef8c5d6c3bc5acac2088ac7a79a22c59aac654203e1a69f86,1782162000000,2026-06-22T21:00:00Z,Down,0.4818069598972269,0.5185792441697459,0.6574074418720122,0.7794991690573151,-0.12209172718530291,11.198639677301744
253,0x6575d1452e56066fe6c3d87873e45fce32f485576d0d04bbb7803fef0a798488,1782162300000,2026-06-22T21:05:00Z,Down,0.4817954406605868,0.45395255111109933,0.6573852124846367,0.6120085494318158,0.04537666305282097,11.244016340354564
254,0x24ad9032da564b378a48ebeae0d325bd742278661ef947b9c94d679201cf18a4,1782162600000,2026-06-22T21:10:00Z,Up,0.48178842469785665,0.463526905936342,0.73025021421108,0.798663449322,-0.06841323511091998,11.175603105243644
255,0x0294f3fea643d2c6e504c46829f96773ed4638d4ac5534eff819b9e3fc22c91e,1782162900000,2026-06-22T21:15:00Z,Down,0.4817859155662666,0.495400631318196,0.6573668316910227,0.7572770700346705,-0.09991023834364778,11.075692866899995
256,0xe582d528a734e22dd3b7dfe68b92f9161528f53e39e486df3912e0f5f0bc12e6,1782163200000,2026-06-22T21:20:00Z,Down,0.48178791439780466,0.3897500455951693,0.6573706888543125,0.502953065571347,0.15441762328296543,11.23011049018296
257,0x5d2c41e8a630a7d5fe406f6c21f1012e10aeb1a7d107419e57792d8253db2cce,1782163500000,2026-06-22T21:25:00Z,Up,0.4817944198916069,0.5417481297617633,0.7302377706713847,0.6321132891939799,0.0981244814774048,11.328234971660365
258,0x8073faab3ee64936c0bded9316eb51d8c83910212a4ea3195df389c5dad7634a,1782163800000,2026-06-22T21:30:00Z,Up,0.48180542960771344,0.47854626146565193,0.7302149194626134,0.7458435157953753,-0.015628596332761993,11.312606375327602
259,0xc2183cd6d8ee2d2134d0f1078a98177aaea5d81df66ec7cc1d20a1e509710262,1782164100000,2026-06-22T21:35:00Z,Down,0.4818209378005681,0.4198354480022843,0.65743441656563,0.5651560146393837,0.09227840192624627,11.404884777253848
260,0xf96f859622ccf5e86379d06cc23f118dfe166d0c06414fc69e6b3d53d86a0c40,1782164400000,2026-06-22T21:40:00Z,Up,0.4818409373021279,0.5077518517159254,0.7301412250489768,0.709392529688898,0.02074869536007881,11.425633472613926
261,0x2f9e4be238c462cd58d9c64dfddd2284d66e90d354b9a85d13e6848827752e45,1782164700000,2026-06-22T21:45:00Z,Up,0.481865418541933,0.6049157555910945,0.7300904186437132,0.5176265154789951,0.21246390316471808,11.638097375778644
262,0x81d6024aa86a6cd16a0c242344bd120dd2630628bf28e979c771a409521cd16e,1782165000000,2026-06-22T21:50:00Z,Up,0.4818943701211317,0.5122511244868477,0.7300303381850028,0.6934667468722051,0.0365635913127977,11.674660967091441
263,0x656e724313d2f2184406c213e1c14f1289bf245570c0837e73a7ccec69c2bfab,1782165300000,2026-06-22T21:55:00Z,Up,0.48192777800843783,0.6032921403539311,0.7299610144593294,0.5089276774045425,0.2210333370547869,11.895694304146227
264,0x96aa556835a09541fa94259702db8b2a74e1176c6beeccce8975c9d9611ca268,1782165600000,2026-06-22T22:00:00Z,Up,0.4819656266118162,0.6136998609924429,0.7298824817400125,0.5417504766450962,0.1881320050949164,12.083826309241143
265,0x7447bc345a910917ed641f54b64ca39817387bea318037897384fd4d912d8c4f,1782165900000,2026-06-22T22:05:00Z,Down,0.48200789802777366,0.4007730138797728,0.6577952841910069,0.5215195434690979,0.13627574072190896,12.220102049963051
266,0xfabcb017eec79c8ac9a9c74f0a718c0ea8987806464ec2fccc202fecb82a0d8e,1782166200000,2026-06-22T22:10:00Z,Down,0.48205457200330504,0.5242667913839677,0.657885393864702,0.7621544645617504,-0.1042690706970483,12.115832979266003
267,0xe8712d0e56c2f81b77a7582d856944035de7d8cd8a578f6755039792b727f3fe,1782166500000,2026-06-22T22:15:00Z,Down,0.4821056266317416,0.44720861555044944,0.6579839702103538,0.6045856493229574,0.05339832088739645,12.169231300153399
268,0x235360b2a542fcf5d730cd708226b9b213459fc9198ccc3325ae6bf888e5de5b,1782166800000,2026-06-22T22:20:00Z,Down,0.48216103753364165,0.5474443581930131,0.658090968651946,0.8798662355450945,-0.22177526689314825,11.94745603326025
269,0x4e6a85e37e7533821ce2dac987f8d7edd16b24dadc619cbfe1fd44b94e793096,1782167100000,2026-06-22T22:25:00Z,Down,0.4822207784917445,0.3360288063695216,0.6582063412580126,0.4277634899679087,0.2304428512901039,12.177898884550354
270,0x7a0572667559277b33fdf8e7c06cbe8280be840c82186d4037afcee658c7a070,1782167400000,2026-06-22T22:30:00Z,Up,0.4822848212363296,0.5764171956042385,0.7292204245208138,0.6005280740449199,0.128692350475894,12.306591235026248
271,0xda17ac0d578e55d0c3af144e1b3646e8c2b5213c99cddcbacdb69b897479bfe6,1782167700000,2026-06-22T22:35:00Z,Down,0.4823531353298816,0.342603668653659,0.6584619981284123,0.4433818440496937,0.21508015407871867,12.521671389104966
272,0x030249ad649b49cc7aa8e149cb506815d7e1821cde20010c1a1e8873cf83aa29,1782168000000,2026-06-22T22:40:00Z,Down,0.48242568848837225,0.5172706921766264,0.6586021675752137,0.7932299308742153,-0.13462776329900164,12.387043625805966
273,0x246f6f9b89d5c013147e68c8a8927991d89884161055b63d383e16f0a4cffe67,1782168300000,2026-06-22T22:45:00Z,Up,0.48250244601433434,0.6278302986509096,0.7287692894586475,0.4734031691279601,0.2553661203306875,12.642409746136654
274,0x2ff3c05ad0e5da10c7099f0992000a23362ed1d71db95ac5cb0b55e9b6164d3e,1782168600000,2026-06-22T22:50:00Z,Up,0.4825833718526902,0.55584587014534,0.7286015825032621,0.6169539766038449,0.11164760589941732,12.754057352036071
275,0x8149dd613d47b0060a2622f5d875c88a15c773b979641fb42d3cab13764c7914,1782168900000,2026-06-22T22:55:00Z,Down,0.48266842760284245,0.5380824903732894,0.6590712715299802,0.8418327046898029,-0.18276143315982268,12.571295918876249
276,0x9847d7875a328288bc7f5e30c28a353094e5b51d81c32d7db7f167ad9cc99688,1782169200000,2026-06-22T23:00:00Z,Up,0.4827575726600388,0.5025736025136345,0.7282406722300934,0.7515894194114714,-0.023348747181377937,12.54794717169487
277,0xabf8d4e9398661ba9f9a2c9b2b1fb7e7f126f5ac4d879be3cab5f6f80c92efdb,1782169500000,2026-06-22T23:05:00Z,Up,0.48285076492265566,0.5387756509268962,0.728047649409892,0.6629873842143688,0.06506026519552309,12.613007436890394
278,0xc72c4a55b454fcebebea15286e8ef307c74c4fc8637a8f80c3309e4909cddfd5,1782169800000,2026-06-22T23:10:00Z,Down,0.4829479601374039,0.43366443097481117,0.6596117531323468,0.5797186630053652,0.07989309012698156,12.692900527017375
279,0x63644d983d61dd621492315c51d6256e5b4c561354aa54fdf51ab6db4987d764,1782170100000,2026-06-22T23:15:00Z,Down,0.48304911230066383,0.46555223354609826,0.6598074048109258,0.6504354384399704,0.0093719663709554,12.70227249338833
280,0xbc648066873fe58b1862ae070b47d77f5eceb1b02982b10ca5c18b2035926e6f,1782170400000,2026-06-22T23:20:00Z,Up,0.4831541732407477,0.6402208174602202,0.7274194782959961,0.4567872051852692,0.2706322731107268,12.972904766499056
281,0xb9acedfe7385add68ea223ae3e5382f7bc58722311a20fa9a48cddb3a4ab451b,1782170700000,2026-06-22T23:25:00Z,Up,0.483263093229767,0.5961327458894154,0.7271940685311786,0.5444485138099077,0.18274555472127102,13.155650321220326
282,0xbe9f3ba1e70684a8922fa14b3ba718e9eaa44c33c81ec9152ba5306b11acc908,1782171000000,2026-06-22T23:30:00Z,Down,0.48337582060429074,0.4235850707147326,0.6604395958397873,0.5700362458536415,0.09040334998614565,13.246053671206472
283,0x4e78095658d0778c121b2f60582d932000bfd2f752207b041bd8a355d519be4e,1782171300000,2026-06-22T23:35:00Z,Up,0.48349230178184843,0.513978746331721,0.7267198876479208,0.7098055864981021,0.016914301149818664,13.26296797235629
284,0x319c1302fc6ad9fa22a6a08239f3e826aa9f552de85f168f82e22e3874503ba4,1782171600000,2026-06-22T23:40:00Z,Down,0.4836124815419163,0.4297864716118439,0.6608977920672365,0.570816531798837,0.09008126026839956,13.35304923262469
285,0x79e47d70cd6d99e0c7dc68ddee88ed0f092e9d6b87d83ceafe134564ede0f714,1782171900000,2026-06-22T23:45:00Z,Down,0.4837363028233591,0.47321884653749235,0.6611376045538686,0.6686816000512352,-0.007543995497366535,13.345505237127323
286,0xfba6012919953c2266332b0dc5175c8061d9c4b5fba29e0191176a78926d075b,1782172200000,2026-06-22T23:50:00Z,Up,0.4838637069382936,0.5500566188542194,0.7259520110296189,0.6322397694361424,0.09371224159347667,13.4392174787208
287,0x18389c67184159b26bd3cb271e6cd591944f3a9c7081efcbfd3cf1ae77246b66,1782172500000,2026-06-22T23:55:00Z,Down,0.48399463317350166,0.5031244288784303,0.6616381144654567,0.712115740916084,-0.05047762645062723,13.388739852270172
