candidate_id,architecture,feature_set,horizon_minutes,selected_maximum_action_probability,selected_direction_probability_margin,temperature,calibration_rows,calibration_accuracy,calibration_balanced_accuracy,calibration_multiclass_log_loss,calibration_multiclass_brier_score,calibration_expected_calibration_error,calibration_maximum_probability_mean,viability_rows,viability_accuracy,viability_balanced_accuracy,viability_multiclass_log_loss,viability_multiclass_brier_score,viability_expected_calibration_error,viability_maximum_probability_mean,calibration_total_trades,calibration_active_utc_days,calibration_mean_net_bps,calibration_median_monthly_net_bps,calibration_profit_factor,calibration_negative_month_fraction,calibration_day_block_bootstrap_mean_net_bps_lower_95,calibration_day_block_bootstrap_mean_net_bps_median,calibration_day_block_bootstrap_mean_net_bps_upper_95,calibration_maximum_peak_to_trough_drawdown_bps,calibration_maximum_single_symbol_fraction,calibration_mean_funding_cash_flow_bps,calibration_btcusdt_trades,calibration_ethusdt_trades,calibration_solusdt_trades,viability_total_trades,viability_active_utc_days,viability_mean_net_bps,viability_median_monthly_net_bps,viability_profit_factor,viability_negative_month_fraction,viability_day_block_bootstrap_mean_net_bps_lower_95,viability_day_block_bootstrap_mean_net_bps_median,viability_day_block_bootstrap_mean_net_bps_upper_95,viability_maximum_peak_to_trough_drawdown_bps,viability_maximum_single_symbol_fraction,viability_mean_funding_cash_flow_bps,viability_btcusdt_trades,viability_ethusdt_trades,viability_solusdt_trades,viability_gate_passed,viability_gate_reasons
price_flow_only_shared_direct_multiclass_lightgbm_h15,shared_direct_multiclass_lightgbm,price_flow_only,15,0.5,0.05,1.0747087873362313,79479,0.4581461769775664,0.4371557783115059,1.0280416011810303,0.6182024148721788,0.007710181976006927,0.4649602174758911,156312,0.46104585700394085,0.43762606127750897,1.0203983783721924,0.6131775442961022,0.013117938582106718,0.4737783670425415,366,66,1.701583515180916,101.42639389634132,1.0517701309281544,0.0,-5.0092509109845205,2.0864832188530236,12.304228421410643,1414.4209957122803,0.6202185792349727,-0.031303825785655305,24,115,227,1142,143,-11.062274711232652,-2181.3553308546543,0.7471594453612028,0.8333333333333334,-18.43028238269867,-10.918083971519026,-3.532955127632267,13812.54765401408,0.5560420315236427,0.003028108421941459,85,422,635,False,viability_mean_net_bps<=0;viability_median_monthly_net_bps<=0;viability_profit_factor<1.05;viability_negative_month_fraction>0.45;viability_day_block_lower_95<=0;viability_single_symbol_fraction>0.50
price_flow_only_shared_direct_multiclass_lightgbm_h30,shared_direct_multiclass_lightgbm,price_flow_only,30,0.5,0.2,1.1352066683233883,79470,0.4290172392097647,0.43309868802130636,1.0483523607254028,0.6345674978962588,0.0051127478485964335,0.4308444857597351,156312,0.428182097343774,0.43292367746025495,1.0443916320800781,0.6322350951860956,0.010856564263623253,0.43903863430023193,254,70,8.15528713542176,538.08384090662,1.308244039706038,0.0,-1.2518710188706301,8.187275619524405,19.269734628474694,774.7814826965332,0.43700787401574803,-0.038105118495419504,48,111,95,515,133,-8.748059214535848,-451.41760954633355,0.7578801519802868,0.8333333333333334,-17.456206254919035,-8.585172744262318,-0.28642153768740664,6141.42954903096,0.44660194174757284,0.005212815029962549,80,230,205,False,viability_mean_net_bps<=0;viability_median_monthly_net_bps<=0;viability_profit_factor<1.05;viability_negative_month_fraction>0.45;viability_day_block_lower_95<=0
price_flow_only_shared_direct_multiclass_lightgbm_h60,shared_direct_multiclass_lightgbm,price_flow_only,60,0.5,0.2,1.0510767394163036,79452,0.4368801288828475,0.4093472843235413,1.0313146114349365,0.6266612614666257,0.0024667279414556215,0.43563732504844666,156312,0.42770228773222785,0.4087541477064602,1.032306432723999,0.6279483409677118,0.013390683349422316,0.44109296798706055,254,73,0.071916868602197,112.23405349254608,1.0022741908274002,0.3333333333333333,-8.732327892665504,-0.18011269720171041,8.916455177087643,1229.002004981041,0.48031496062992124,0.013955905886850958,80,122,52,467,125,-11.092986324199773,-757.2269694134593,0.7245063076271037,0.8333333333333334,-20.621816814342573,-10.706716935029533,-0.7209501408394815,6474.273384138942,0.4261241970021413,-0.018126338596677116,150,199,118,False,viability_mean_net_bps<=0;viability_median_monthly_net_bps<=0;viability_profit_factor<1.05;viability_negative_month_fraction>0.45;viability_day_block_lower_95<=0
price_flow_only_shared_direct_multiclass_lightgbm_h120,shared_direct_multiclass_lightgbm,price_flow_only,120,0.4,0.1,0.9374272450043535,79416,0.45366173063362547,0.3781125268102013,0.9929565787315369,0.6074046086321587,0.005201036836477253,0.4588627815246582,156312,0.4479054711090639,0.37939288131778176,0.9926339983940125,0.6082113949052551,0.011996177918806724,0.4599016606807709,1970,92,-6.909762661020995,-5373.94739972055,0.8249136142853662,1.0,-12.439220064808957,-6.84467221555826,-1.0333876187080566,14849.82876349613,0.3614213197969543,0.04617370540668554,673,712,585,3929,181,-9.344005470130698,-5407.653535241261,0.7865184217299125,1.0,-14.410933225362424,-9.34640419940036,-4.435646271820059,39572.23053599894,0.3583609060829728,0.014528913070424868,1275,1408,1246,False,viability_mean_net_bps<=0;viability_median_monthly_net_bps<=0;viability_profit_factor<1.05;viability_negative_month_fraction>0.45;viability_day_block_lower_95<=0
price_flow_only_per_symbol_direct_multiclass_lightgbm_h15,per_symbol_direct_multiclass_lightgbm,price_flow_only,15,0.45,0.15,1.0708264006947543,79479,0.458724946212207,0.4401477126643689,1.0285983085632324,0.6185248814436626,0.004423045492158433,0.4624987542629242,156312,0.4613465376938431,0.4404903050574806,1.0215251445770264,0.6138753599581217,0.00955088569512081,0.47006288170814514,1218,86,-7.433537161494613,-3227.211052685976,0.7077636816247967,1.0,-9.746693366553549,-7.353171276964762,-4.819149625824338,9098.4833060354,0.38752052545155996,-0.02952561551423618,287,472,459,2658,175,-10.905949689656708,-5043.485857859254,0.6129955518585245,1.0,-13.980142802921774,-10.852686879467411,-7.5838432936502285,29431.723722506315,0.42738901429646353,0.0009865312198663314,466,1136,1056,False,viability_mean_net_bps<=0;viability_median_monthly_net_bps<=0;viability_profit_factor<1.05;viability_negative_month_fraction>0.45;viability_day_block_lower_95<=0
price_flow_only_per_symbol_direct_multiclass_lightgbm_h30,per_symbol_direct_multiclass_lightgbm,price_flow_only,30,0.5,0.15,1.1338141261802368,79470,0.42642506606266517,0.4295301443170228,1.0489120483398438,0.6348377797817367,0.003765472619356807,0.42834752798080444,156312,0.427772659808588,0.4314846333410744,1.044897437095642,0.6324825195133656,0.008187823981371582,0.435954749584198,274,70,12.089945957064629,946.0285707712173,1.4667378740114103,0.0,2.1621741144786832,12.036508811145108,19.951647798547622,602.913565158844,0.4708029197080292,-0.017190875580711085,70,129,75,689,139,-15.412824984418204,-1713.231712847948,0.6396661350862333,1.0,-23.7669960074326,-15.23751816277808,-6.4914283702273075,11863.081807874143,0.5384615384615384,0.007977793463580149,81,371,237,False,viability_mean_net_bps<=0;viability_median_monthly_net_bps<=0;viability_profit_factor<1.05;viability_negative_month_fraction>0.45;viability_day_block_lower_95<=0;viability_single_symbol_fraction>0.50
price_flow_only_per_symbol_direct_multiclass_lightgbm_h60,per_symbol_direct_multiclass_lightgbm,price_flow_only,60,0.4,0.05,1.0500603778655986,79452,0.43548305895383377,0.40601736363055796,1.032164216041565,0.6271434195868819,0.003059231715968622,0.43276792764663696,156312,0.42554634321101387,0.4052191703782804,1.033444881439209,0.6285532559200805,0.012458782814673061,0.43800508975982666,4391,92,-9.380270229698125,-13791.343059861101,0.7086300395255737,1.0,-11.638189416340218,-9.375357493041527,-7.2996089912853925,41416.46843176801,0.36096561147802325,0.014926349169733115,1317,1585,1489,8515,181,-11.788908919176668,-15650.904343184084,0.6709842951816306,1.0,-14.411899103004348,-11.646329372462937,-9.519767438248966,100840.50342515856,0.3790957134468585,0.005162102177274849,2210,3228,3077,False,viability_mean_net_bps<=0;viability_median_monthly_net_bps<=0;viability_profit_factor<1.05;viability_negative_month_fraction>0.45;viability_day_block_lower_95<=0
price_flow_only_per_symbol_direct_multiclass_lightgbm_h120,per_symbol_direct_multiclass_lightgbm,price_flow_only,120,0.55,0.15,0.971003635205455,79416,0.45115593834995465,0.3766297519287816,0.9948034882545471,0.6083671758286145,0.005507291696640712,0.45632752776145935,156312,0.44762398280362353,0.3792919716972802,0.9945213794708252,0.6089918692639941,0.010284804527664618,0.4578002393245697,162,64,9.370709869964623,965.5706658363342,1.232573740806175,0.3333333333333333,-8.872827288338074,9.493666342831627,25.830281093602952,1141.3379821777344,0.5123456790123457,0.08311851681382568,83,37,42,313,118,-8.29758790359139,-726.3903973698616,0.8527546665631158,0.6666666666666666,-23.050596215502317,-8.052165057756827,7.448155096571072,3162.1998456716537,0.3961661341853035,0.02008178900963011,114,75,124,False,viability_mean_net_bps<=0;viability_median_monthly_net_bps<=0;viability_profit_factor<1.05;viability_negative_month_fraction>0.45;viability_day_block_lower_95<=0
price_flow_only_shared_two_stage_hurdle_lightgbm_h15,shared_two_stage_hurdle_lightgbm,price_flow_only,15,0.45,0.15,1.0608821852220731,79479,0.45877527397174095,0.43762541310057906,1.0276581048965454,0.6180283229938021,0.006477470319445265,0.46450650691986084,156312,0.46109703669583907,0.4376644996228132,1.0202438831329346,0.6130919332971887,0.01214222320537982,0.4727613627910614,564,81,-5.2774697617753175,-1185.4398615658283,0.8066799003619283,1.0,-9.590394877852054,-5.332071996542393,0.00961665842455674,3347.455456972122,0.5,-0.021215779576384534,84,198,282,1130,155,-11.839109848063869,-1720.085390407592,0.6345107986283132,1.0,-17.446690767659305,-11.855447514784657,-5.938735885237805,14139.899630643427,0.47079646017699117,0.0001538053669027193,136,462,532,False,viability_mean_net_bps<=0;viability_median_monthly_net_bps<=0;viability_profit_factor<1.05;viability_negative_month_fraction>0.45;viability_day_block_lower_95<=0
price_flow_only_shared_two_stage_hurdle_lightgbm_h30,shared_two_stage_hurdle_lightgbm,price_flow_only,30,0.5,0.1,1.118056630007144,79470,0.4292185730464326,0.43365389941230137,1.0478776693344116,0.6343389009477525,0.0046469100289364485,0.4270818531513214,156312,0.42723527304365627,0.4321819901676831,1.043864369392395,0.6319176957996558,0.007778231899546067,0.43501347303390503,266,61,7.015808000936544,556.8392825722694,1.19078781586069,0.0,-1.443359443242626,7.406283306308721,17.462305205801286,1241.2246508598328,0.5977443609022557,-0.0802244356119151,20,87,159,611,112,-13.507450757959763,-1430.0857403874397,0.7310349725233954,0.6666666666666666,-25.044138997656383,-13.129186888806178,-1.234969728111246,10221.824606098235,0.546644844517185,-0.000747136372322927,44,233,334,False,viability_mean_net_bps<=0;viability_median_monthly_net_bps<=0;viability_profit_factor<1.05;viability_negative_month_fraction>0.45;viability_day_block_lower_95<=0;viability_single_symbol_fraction>0.50
price_flow_only_shared_two_stage_hurdle_lightgbm_h60,shared_two_stage_hurdle_lightgbm,price_flow_only,60,0.5,0.1,1.0554290545752638,79452,0.4341489201027035,0.4082799934671284,1.0309040546417236,0.6266542742511223,0.005471208836159914,0.4294852316379547,156312,0.4260005629766109,0.4086582389773463,1.031524896621704,0.6275742243535393,0.00951282502721572,0.435513436794281,389,72,0.38147877566612165,167.07484471797943,1.0094426935708511,0.3333333333333333,-8.200581542352174,0.7230037993420377,11.339027580285302,1898.7848748266697,0.4704370179948586,0.04257069282942382,61,145,183,835,134,-9.23055877225797,-2037.404125958681,0.8145599395319683,0.6666666666666666,-18.598428760946472,-9.14519694649962,1.4315719570512777,10962.2202939149,0.46706586826347307,-0.00849904181940403,104,341,390,False,viability_mean_net_bps<=0;viability_median_monthly_net_bps<=0;viability_profit_factor<1.05;viability_negative_month_fraction>0.45;viability_day_block_lower_95<=0
price_flow_only_shared_two_stage_hurdle_lightgbm_h120,shared_two_stage_hurdle_lightgbm,price_flow_only,120,0.5,0.1,0.9904425298989927,79416,0.44842349148786137,0.3813370034009032,0.992480456829071,0.6073008900452498,0.004771831992443579,0.4465723931789398,156312,0.4469970315778699,0.38564663972864216,0.9910002946853638,0.6073319177840207,0.00172732312441407,0.4484066367149353,434,83,8.950142801288635,1612.2988073527813,1.2393994424130366,0.0,-1.900480234539137,9.071657565916269,20.00958831028188,1752.0195243358612,0.38940092165898615,0.07882350048453715,108,157,169,789,161,-3.9885070425551503,-775.7284473329782,0.9246544495467506,0.6666666666666666,-13.44693667520006,-4.004671142623497,5.664194403224508,6875.489469408989,0.4055766793409379,0.019681621967910474,153,316,320,False,viability_mean_net_bps<=0;viability_median_monthly_net_bps<=0;viability_profit_factor<1.05;viability_negative_month_fraction>0.45;viability_day_block_lower_95<=0
price_flow_only_per_symbol_two_stage_hurdle_lightgbm_h15,per_symbol_two_stage_hurdle_lightgbm,price_flow_only,15,0.45,0.1,1.0551230184120755,79479,0.4577058090816442,0.43826101760437,1.027949571609497,0.6182176897068608,0.004239361777210405,0.4614854156970978,156312,0.4611162290803009,0.43943339195866377,1.0210591554641724,0.613599123274645,0.008407678977711242,0.4693705141544342,1347,86,-7.20806204440776,-2487.9524630904198,0.7472474257089576,1.0,-10.90042480816555,-7.145662826600881,-3.403034483813904,9736.757210612297,0.5664439495174461,-0.012236748098823745,149,435,763,3148,176,-12.340913729170595,-6658.113816935569,0.6131349763375125,1.0,-15.041420442721574,-12.329360016109579,-9.040079896589498,39113.25196790323,0.545425667090216,0.002648888280184163,263,1168,1717,False,viability_mean_net_bps<=0;viability_median_monthly_net_bps<=0;viability_profit_factor<1.05;viability_negative_month_fraction>0.45;viability_day_block_lower_95<=0;viability_single_symbol_fraction>0.50
price_flow_only_per_symbol_two_stage_hurdle_lightgbm_h30,per_symbol_two_stage_hurdle_lightgbm,price_flow_only,30,0.4,0.05,1.1160702377432492,79470,0.4284132376997609,0.4322998678451578,1.048262596130371,0.6346099169473246,0.008657358925612863,0.42261040210723877,156312,0.42724806796663084,0.4317800280931255,1.0437815189361572,0.6318730137331966,0.004458082352807667,0.4300553500652313,3311,92,-10.877521947129482,-12095.160054838285,0.6073990316075109,1.0,-12.726997832712208,-10.865877586526251,-9.042318431928527,36060.87790790107,0.5943823618242223,-0.010987979484251153,761,1968,582,6953,181,-13.14313247417151,-15875.578900850844,0.5801112770336917,1.0,-14.971604182189454,-13.133114956478444,-11.123846014305379,91593.80719572585,0.6161369193154034,0.0017849704818856348,1221,4284,1448,False,viability_mean_net_bps<=0;viability_median_monthly_net_bps<=0;viability_profit_factor<1.05;viability_negative_month_fraction>0.45;viability_day_block_lower_95<=0;viability_single_symbol_fraction>0.50
price_flow_only_per_symbol_two_stage_hurdle_lightgbm_h60,per_symbol_two_stage_hurdle_lightgbm,price_flow_only,60,0.5,0.15,1.0776491516406186,79452,0.43515581734883957,0.40697414984665564,1.0310492515563965,0.6265944133979161,0.005861452440777866,0.429635226726532,156312,0.42688981012334304,0.40721595267459215,1.0322352647781372,0.6279250504106002,0.008090879670896972,0.4349806606769562,261,70,-2.002884496674227,-196.03304719924927,0.9463686810442415,0.6666666666666666,-10.414529107344501,-2.2129449319506533,5.904814035867185,2200.2458238601685,0.7088122605363985,0.0009613028545489257,34,185,42,575,143,-12.11429819221082,-1311.54267719388,0.7305847464332831,0.8333333333333334,-21.177963926545598,-11.884716482745894,-3.4947899602668957,8298.051020562649,0.7269565217391304,0.009507825987454017,50,418,107,False,viability_mean_net_bps<=0;viability_median_monthly_net_bps<=0;viability_profit_factor<1.05;viability_negative_month_fraction>0.45;viability_day_block_lower_95<=0;viability_single_symbol_fraction>0.50
price_flow_only_per_symbol_two_stage_hurdle_lightgbm_h120,per_symbol_two_stage_hurdle_lightgbm,price_flow_only,120,0.5,0.1,1.0210784733311806,79416,0.45062707766696886,0.3801301461407703,0.9932371377944946,0.607587994821016,0.003049402634587989,0.4482801556587219,156312,0.44511617790060903,0.3820653666474378,0.9922522902488708,0.6080338705598073,0.005160830018494602,0.45027703046798706,596,89,-2.7440059481926213,-9.56474270671606,0.9394537745821069,0.6666666666666666,-10.67409780379931,-2.4455424639555874,5.930289030018518,3587.365771353245,0.37416107382550334,0.01410285092190208,180,193,223,1226,176,-9.89092875771577,-1512.246477842331,0.820471972246016,0.8333333333333334,-20.055615737596103,-9.751811363547901,-0.9203236948459562,14255.912623226643,0.42495921696574224,0.0033497551804010377,261,444,521,False,viability_mean_net_bps<=0;viability_median_monthly_net_bps<=0;viability_profit_factor<1.05;viability_negative_month_fraction>0.45;viability_day_block_lower_95<=0
price_flow_plus_premium_and_funding_shared_direct_multiclass_lightgbm_h15,shared_direct_multiclass_lightgbm,price_flow_plus_premium_and_funding,15,0.5,0.05,1.1043552634662162,79479,0.46033543451729386,0.4394873807068374,1.027468204498291,0.617800409266844,0.004436628749427317,0.46125638484954834,156312,0.46110343415732635,0.43705473911699627,1.02096426486969,0.6134909682978207,0.015039924889851742,0.4755675494670868,353,59,5.410903242593447,529.7413804531097,1.1611171395209299,0.0,-3.3187346553367383,5.7803448849431,16.194436107593972,1198.1123558282852,0.5694050991501416,-0.013162889180140353,27,125,201,948,139,-8.24199655259083,-2029.8276790976524,0.8062303142172481,0.6666666666666666,-17.88612102639124,-7.956856562831615,2.1731979966035437,8929.757208913565,0.5305907172995781,-0.00043196213246963697,76,369,503,False,viability_mean_net_bps<=0;viability_median_monthly_net_bps<=0;viability_profit_factor<1.05;viability_negative_month_fraction>0.45;viability_day_block_lower_95<=0;viability_single_symbol_fraction>0.50
price_flow_plus_premium_and_funding_shared_direct_multiclass_lightgbm_h30,shared_direct_multiclass_lightgbm,price_flow_plus_premium_and_funding,30,0.5,0.15,1.1402497127342037,79470,0.43047690952560713,0.4347990173179983,1.0483062267303467,0.6344496022231467,0.002560480916456595,0.42905595898628235,156312,0.42504734121500587,0.4307304796134283,1.0456106662750244,0.6329902188290126,0.015727294968438558,0.44071516394615173,456,76,5.194203941576314,453.57327941060066,1.1581614666502789,0.0,-0.46114079374608424,5.374310648038618,11.438517915544177,1223.5606968700886,0.5087719298245614,-0.0233802631223705,66,158,232,1061,164,-9.508462966071278,-1145.586020320654,0.7698205863878624,1.0,-16.96939130378217,-9.216678994823504,-1.8921789046783921,11706.814448677003,0.4806786050895382,0.014895381353282906,127,424,510,False,viability_mean_net_bps<=0;viability_median_monthly_net_bps<=0;viability_profit_factor<1.05;viability_negative_month_fraction>0.45;viability_day_block_lower_95<=0
price_flow_plus_premium_and_funding_shared_direct_multiclass_lightgbm_h60,shared_direct_multiclass_lightgbm,price_flow_plus_premium_and_funding,60,0.5,0.15,0.9710038912327396,79452,0.43647736998439307,0.40708056148112887,1.0313444137573242,0.6266129096419939,0.002038800482488761,0.43485650420188904,156312,0.42326884692154154,0.40542149010238554,1.0330618619918823,0.6285298911812843,0.017035550268323946,0.4403044283390045,654,87,-1.7958982440583202,-499.6045243740082,0.9493832744460353,0.6666666666666666,-9.382989233735037,-1.6015024962475493,5.506149912705186,2317.9495907127857,0.39908256880733944,0.011893119479298865,140,253,261,1111,172,-11.446263944661425,-1601.6494437530637,0.738488960403141,0.8333333333333334,-19.40050458991248,-11.217231168191791,-3.200882350289752,16330.9471206218,0.43474347434743477,0.03099459911504648,204,483,424,False,viability_mean_net_bps<=0;viability_median_monthly_net_bps<=0;viability_profit_factor<1.05;viability_negative_month_fraction>0.45;viability_day_block_lower_95<=0
price_flow_plus_premium_and_funding_shared_direct_multiclass_lightgbm_h120,shared_direct_multiclass_lightgbm,price_flow_plus_premium_and_funding,120,0.5,0.2,0.9300376383106098,79416,0.4494686209328095,0.37597968051094055,0.9935072064399719,0.6077875585024013,0.01144394430472518,0.4609126150608063,156312,0.4436191719125851,0.37698312688154795,0.9933294653892517,0.6088275642871802,0.015468408389136993,0.45908764004707336,357,86,4.919791997647753,701.5858383178711,1.136351457346535,0.3333333333333333,-4.962697005207826,5.140036299545489,14.527997369113855,1547.1087318658829,0.4061624649859944,0.08404565683933866,145,137,75,501,154,-7.065090463963335,-697.856065467,0.8440940805653504,0.6666666666666666,-17.119311701281973,-6.766650600321848,2.963868073600947,5127.753897875547,0.41916167664670656,0.08182155665943396,210,178,113,False,viability_mean_net_bps<=0;viability_median_monthly_net_bps<=0;viability_profit_factor<1.05;viability_negative_month_fraction>0.45;viability_day_block_lower_95<=0
price_flow_plus_premium_and_funding_per_symbol_direct_multiclass_lightgbm_h15,per_symbol_direct_multiclass_lightgbm,price_flow_plus_premium_and_funding,15,0.5,0.2,1.1037220860147081,79479,0.45795744787931403,0.43854353506033955,1.0283894538879395,0.6183883532612648,0.003444196791546813,0.4594423174858093,156312,0.46018859716464505,0.437899910849533,1.0215874910354614,0.613849679513084,0.012970964828271316,0.4726410508155823,175,59,6.729841011251722,158.8262055516243,1.2559819033500876,0.0,-2.437229087680359,6.875270363146608,17.84070841344987,479.4725136756897,0.4514285714285714,-0.01965828606060573,30,66,79,368,115,-5.358117960555398,-490.087260812521,0.8332287155594417,0.6666666666666666,-15.660377810043771,-5.052604465470865,4.710539471912677,3053.1001446843147,0.5407608695652174,0.008681793196086326,37,132,199,False,viability_mean_net_bps<=0;viability_median_monthly_net_bps<=0;viability_profit_factor<1.05;viability_negative_month_fraction>0.45;viability_day_block_lower_95<=0;viability_single_symbol_fraction>0.50
price_flow_plus_premium_and_funding_per_symbol_direct_multiclass_lightgbm_h30,per_symbol_direct_multiclass_lightgbm,price_flow_plus_premium_and_funding,30,0.45,0.05,1.123280397488603,79470,0.42806090348559206,0.43186143142271716,1.0493828058242798,0.635092700725101,0.00513361903486183,0.4269046187400818,156312,0.42527125236706076,0.43017205541977965,1.0458855628967285,0.6330474637857778,0.012617879211094224,0.4378751516342163,2330,90,-6.859505804114107,-6533.806480424479,0.7851180937224365,1.0,-9.679350834499935,-6.698737521684148,-4.220095944467393,15982.64852358587,0.4652360515021459,0.005251759470164648,227,1019,1084,5341,178,-12.2553592747792,-11026.365609208588,0.6684747602695342,1.0,-14.81678776962806,-12.204652700135393,-9.530567457989939,65886.76436865795,0.4780003744617113,0.007017899200419113,487,2301,2553,False,viability_mean_net_bps<=0;viability_median_monthly_net_bps<=0;viability_profit_factor<1.05;viability_negative_month_fraction>0.45;viability_day_block_lower_95<=0
price_flow_plus_premium_and_funding_per_symbol_direct_multiclass_lightgbm_h60,per_symbol_direct_multiclass_lightgbm,price_flow_plus_premium_and_funding,60,0.5,0.1,1.0086081943353975,79452,0.43505512762422593,0.4049973584895104,1.0320159196853638,0.626928491190518,0.004256767145634818,0.4310387372970581,156312,0.4222452530835764,0.40431278993547953,1.0343395471572876,0.6291721948064734,0.0143542341568406,0.436599463224411,523,78,-1.0157439792475327,432.1698099374771,0.9747981943917257,0.3333333333333333,-10.375566967540298,-0.6449341279678895,8.040546480317252,3482.692706555128,0.4780114722753346,0.0221749524484401,112,250,161,1006,153,-12.300703528476046,-1474.2108405828476,0.7627280258578399,0.8333333333333334,-22.809549533661166,-11.817777214747577,-1.536874794150575,15459.549710482359,0.4572564612326044,0.027620477009394295,213,460,333,False,viability_mean_net_bps<=0;viability_median_monthly_net_bps<=0;viability_profit_factor<1.05;viability_negative_month_fraction>0.45;viability_day_block_lower_95<=0
price_flow_plus_premium_and_funding_per_symbol_direct_multiclass_lightgbm_h120,per_symbol_direct_multiclass_lightgbm,price_flow_plus_premium_and_funding,120,0.4,0.15,0.928170718031375,79416,0.4481086934622746,0.37118564389474473,0.9961047768592834,0.6088762804446369,0.004342915094924284,0.4518119990825653,156312,0.4432289267618609,0.3716571687184218,0.995149552822113,0.609250634213551,0.011074864474336872,0.45069774985313416,522,92,-1.3466017060552748,-1084.1303837895393,0.9641614082446195,0.6666666666666666,-11.178102971217225,-1.2006601935845502,8.831798112083549,2195.845534645021,0.4003831417624521,0.024770305737303534,200,209,113,995,175,-10.398285386846144,-1703.3257583975792,0.7557522972501898,0.8333333333333334,-20.25908019554774,-10.112977174301953,-1.6189739115715913,11024.396768894047,0.41105527638190953,0.06398462266591026,409,317,269,False,viability_mean_net_bps<=0;viability_median_monthly_net_bps<=0;viability_profit_factor<1.05;viability_negative_month_fraction>0.45;viability_day_block_lower_95<=0
price_flow_plus_premium_and_funding_shared_two_stage_hurdle_lightgbm_h15,shared_two_stage_hurdle_lightgbm,price_flow_plus_premium_and_funding,15,0.5,0.05,1.0921793321646749,79479,0.45832232413593527,0.4369703690239795,1.027509093284607,0.617868138055776,0.004427979305832948,0.4609817862510681,156312,0.4607003940836276,0.4365757433465361,1.0209368467330933,0.6135059691439134,0.015172051966031719,0.4752914011478424,265,57,10.222358627139398,697.7443453073502,1.3305425738470105,0.0,-0.9945581445443212,10.186066877557902,23.291944465651834,884.8342413902283,0.6,-0.010155093669891358,17,89,159,696,113,-9.897185142847826,-1152.2350140213966,0.7863152246821222,0.6666666666666666,-21.96136718957245,-9.578075447967038,3.8442723551615217,8850.48030884564,0.5387931034482759,0.006175718358557286,50,271,375,False,viability_mean_net_bps<=0;viability_median_monthly_net_bps<=0;viability_profit_factor<1.05;viability_negative_month_fraction>0.45;viability_day_block_lower_95<=0;viability_single_symbol_fraction>0.50
price_flow_plus_premium_and_funding_shared_two_stage_hurdle_lightgbm_h30,shared_two_stage_hurdle_lightgbm,price_flow_plus_premium_and_funding,30,0.45,0.1,1.1176831328253223,79470,0.42642506606266517,0.43161523709651445,1.0484827756881714,0.6347420958788851,0.005396556169098376,0.4243054687976837,156312,0.4243820052203286,0.4310140134049834,1.0447096824645996,0.6324709544178461,0.011089678364328039,0.43547171354293823,743,85,-3.2410672655909463,-818.1999829490669,0.8983664901296299,1.0,-8.090671786617474,-3.4035607500903144,1.5435610903666093,2564.10079359496,0.48183041722745623,-0.04747685061173556,128,257,358,1670,176,-13.721385898756862,-4297.950683385134,0.6301887382405088,1.0,-18.85668600152508,-13.609953221925236,-8.376843616385838,24174.122315339744,0.4868263473053892,0.0036762272383499064,233,624,813,False,viability_mean_net_bps<=0;viability_median_monthly_net_bps<=0;viability_profit_factor<1.05;viability_negative_month_fraction>0.45;viability_day_block_lower_95<=0
price_flow_plus_premium_and_funding_shared_two_stage_hurdle_lightgbm_h60,shared_two_stage_hurdle_lightgbm,price_flow_plus_premium_and_funding,60,0.5,0.1,1.054004188798767,79452,0.43116598701102554,0.4053184253626481,1.030636191368103,0.626424662461461,0.002382639638187951,0.4312782883644104,156312,0.42417728645273556,0.40916877462791956,1.0325531959533691,0.6282738883123292,0.01290582817411421,0.4370831251144409,566,79,-2.6548516610143675,-640.1856482923031,0.9333554420907286,1.0,-11.556647009743916,-2.407399523715888,5.6430406184585005,2738.2564581930637,0.5176678445229682,0.021028975485544322,82,191,293,1133,158,-9.390486825333163,-1024.9836803376675,0.8160294092238349,0.8333333333333334,-19.747600229597047,-8.812112060051088,0.7830646040667577,12743.404025226831,0.44483671668137686,0.01673901117253072,150,504,479,False,viability_mean_net_bps<=0;viability_median_monthly_net_bps<=0;viability_profit_factor<1.05;viability_negative_month_fraction>0.45;viability_day_block_lower_95<=0
price_flow_plus_premium_and_funding_shared_two_stage_hurdle_lightgbm_h120,shared_two_stage_hurdle_lightgbm,price_flow_plus_premium_and_funding,120,0.45,0.1,0.9717958717265859,79416,0.4486375541452604,0.38162884083935195,0.9922227263450623,0.6072111235601326,0.0019995476500774567,0.4484131634235382,156312,0.4438494805261272,0.38572697420402263,0.9922518730163574,0.6081943922642385,0.00792424886369359,0.44799643754959106,710,90,-5.035309241956074,-1445.4547679424286,0.8707014737656835,0.6666666666666666,-13.657242220020121,-4.9809124507079225,3.2368281104384304,4245.989107796922,0.3436619718309859,0.06132225212116372,222,244,244,1294,180,-14.606507645092236,-3710.663775321096,0.699102948650003,1.0,-21.99143849342378,-14.32236831350286,-7.3109601850489385,20047.29303998314,0.3755795981452859,0.09910641387795922,377,486,431,False,viability_mean_net_bps<=0;viability_median_monthly_net_bps<=0;viability_profit_factor<1.05;viability_negative_month_fraction>0.45;viability_day_block_lower_95<=0
price_flow_plus_premium_and_funding_per_symbol_two_stage_hurdle_lightgbm_h15,per_symbol_two_stage_hurdle_lightgbm,price_flow_plus_premium_and_funding,15,0.45,0.15,1.0889020976903816,79479,0.45764289938222674,0.4377467032676039,1.0280194282531738,0.6181937184333184,0.002796696283405159,0.45817118883132935,156312,0.46064921439172934,0.43815012221293753,1.0214121341705322,0.6138042830098329,0.010589846129826563,0.4708203375339508,409,75,-3.223117916628463,-537.5204016566277,0.8754404150564487,0.6666666666666666,-9.910904370527438,-3.261029209611502,5.002526012946092,1633.6467864587903,0.6528117359413202,-0.003937408364489492,26,267,116,896,154,-10.627229231077113,-1647.420264646411,0.6430236294982837,1.0,-15.675028606295873,-10.575489150069224,-5.301291530177947,9838.011836856604,0.6808035714285714,1.2611636001176002e-05,64,610,222,False,viability_mean_net_bps<=0;viability_median_monthly_net_bps<=0;viability_profit_factor<1.05;viability_negative_month_fraction>0.45;viability_day_block_lower_95<=0;viability_single_symbol_fraction>0.50
price_flow_plus_premium_and_funding_per_symbol_two_stage_hurdle_lightgbm_h30,per_symbol_two_stage_hurdle_lightgbm,price_flow_plus_premium_and_funding,30,0.4,0.1,1.1325423165333617,79470,0.4280986535799673,0.4326913099709153,1.0486313104629517,0.6347709458559833,0.007887148753988,0.4228886365890503,156312,0.4247530579865909,0.43062510546919386,1.044677734375,0.6324490422850712,0.009586921723325838,0.4342840313911438,1316,92,-7.853140203610606,-3446.86212874949,0.7091035444308056,1.0,-11.240257339079834,-7.789691495321555,-4.54408283311658,10659.649927385151,0.8351063829787234,0.0024712005945766134,27,1099,190,3084,181,-12.919708543475512,-6280.25645131059,0.5905573422423088,1.0,-16.849446857682068,-12.76959308225116,-9.207043671439433,40424.880414438434,0.7658884565499352,0.01194205566051346,178,2362,544,False,viability_mean_net_bps<=0;viability_median_monthly_net_bps<=0;viability_profit_factor<1.05;viability_negative_month_fraction>0.45;viability_day_block_lower_95<=0;viability_single_symbol_fraction>0.50
price_flow_plus_premium_and_funding_per_symbol_two_stage_hurdle_lightgbm_h60,per_symbol_two_stage_hurdle_lightgbm,price_flow_plus_premium_and_funding,60,0.4,0.05,1.0685924625903436,79452,0.4317449529275537,0.40631466477649186,1.0316580533981323,0.6270531864368382,0.007817820771948768,0.42510321736335754,156312,0.41959670402784177,0.405515053176041,1.0331953763961792,0.6286559774047248,0.011837006296841066,0.431433767080307,2667,92,-8.972431225923211,-8426.740420919843,0.7229405040590408,1.0,-11.35928975481988,-8.931360583791282,-6.699430904991827,24428.697439332493,0.5545556805399325,0.028595538399757398,692,1479,496,5375,181,-11.756264239330537,-9436.549469411373,0.6775108992166097,1.0,-14.932357757674827,-11.714834261427598,-8.68705725998279,63616.73182152165,0.5730232558139535,0.014924837045869681,1182,3080,1113,False,viability_mean_net_bps<=0;viability_median_monthly_net_bps<=0;viability_profit_factor<1.05;viability_negative_month_fraction>0.45;viability_day_block_lower_95<=0;viability_single_symbol_fraction>0.50
price_flow_plus_premium_and_funding_per_symbol_two_stage_hurdle_lightgbm_h120,per_symbol_two_stage_hurdle_lightgbm,price_flow_plus_premium_and_funding,120,0.4,0.05,0.9776652039586278,79416,0.4460058426513549,0.37596727194831536,0.9939659833908081,0.6080539339013551,0.0016450969526910124,0.44709527492523193,156312,0.4406059675520753,0.38241394720457594,0.9937099814414978,0.6090182044382538,0.011835268541100565,0.44690456986427307,2069,92,-7.892364272990913,-6455.010063156486,0.8000500640323231,1.0,-12.695139979389218,-7.6581698356284775,-2.8612787025862656,18067.65080872178,0.37457709038182696,0.07581942968557549,519,775,775,4211,181,-12.699150639979601,-8470.44819820486,0.7262056409001475,1.0,-16.64864426384459,-12.741523059781386,-8.949762728736735,56049.15449407324,0.38161956779862266,0.055424982187264306,1014,1607,1590,False,viability_mean_net_bps<=0;viability_median_monthly_net_bps<=0;viability_profit_factor<1.05;viability_negative_month_fraction>0.45;viability_day_block_lower_95<=0
