candidate_id,scenario,date_utc,equity,cumulative_return_fraction,day_additive_net_bps,hours
cost_aware_utility,base,2024-10-01,1.0,0.0,0.0,24
cost_aware_utility,base,2024-10-02,1.0,0.0,0.0,24
cost_aware_utility,base,2024-10-03,1.0,0.0,0.0,24
cost_aware_utility,base,2024-10-04,1.0,0.0,0.0,24
cost_aware_utility,base,2024-10-05,1.0,0.0,0.0,24
cost_aware_utility,base,2024-10-06,1.0,0.0,0.0,24
cost_aware_utility,base,2024-10-07,1.002776698811849,0.0027766988118489433,27.766988118489586,24
cost_aware_utility,base,2024-10-08,1.002776698811849,0.0027766988118489433,0.0,24
cost_aware_utility,base,2024-10-09,1.002776698811849,0.0027766988118489433,0.0,24
cost_aware_utility,base,2024-10-10,1.002776698811849,0.0027766988118489433,0.0,24
cost_aware_utility,base,2024-10-11,1.002776698811849,0.0027766988118489433,0.0,24
cost_aware_utility,base,2024-10-12,1.002776698811849,0.0027766988118489433,0.0,24
cost_aware_utility,base,2024-10-13,1.002776698811849,0.0027766988118489433,0.0,24
cost_aware_utility,base,2024-10-14,1.002776698811849,0.0027766988118489433,0.0,24
cost_aware_utility,base,2024-10-15,1.0167023379091642,0.0167023379091642,139.07781171798706,24
cost_aware_utility,base,2024-10-16,1.0164666979716026,0.016466697971602606,-2.188799222310388,24
cost_aware_utility,base,2024-10-17,1.0164666979716026,0.016466697971602606,0.0,24
cost_aware_utility,base,2024-10-18,1.0164666979716026,0.016466697971602606,0.0,24
cost_aware_utility,base,2024-10-19,1.0164666979716026,0.016466697971602606,0.0,24
cost_aware_utility,base,2024-10-20,1.0164666979716026,0.016466697971602606,0.0,24
cost_aware_utility,base,2024-10-21,1.0164666979716026,0.016466697971602606,0.0,24
cost_aware_utility,base,2024-10-22,1.0164666979716026,0.016466697971602606,0.0,24
cost_aware_utility,base,2024-10-23,1.0164666979716026,0.016466697971602606,0.0,24
cost_aware_utility,base,2024-10-24,1.0164666979716026,0.016466697971602606,0.0,24
cost_aware_utility,base,2024-10-25,1.0164666979716026,0.016466697971602606,0.0,24
cost_aware_utility,base,2024-10-26,1.0164666979716026,0.016466697971602606,0.0,24
cost_aware_utility,base,2024-10-27,1.0164666979716026,0.016466697971602606,0.0,24
cost_aware_utility,base,2024-10-28,1.016390688543558,0.016390688543558074,-0.7477807998657227,24
cost_aware_utility,base,2024-10-29,1.016390688543558,0.016390688543558074,0.0,24
cost_aware_utility,base,2024-10-30,1.016390688543558,0.016390688543558074,0.0,24
cost_aware_utility,base,2024-10-31,1.016390688543558,0.016390688543558074,0.0,24
cost_aware_utility,base,2024-11-01,1.016390688543558,0.016390688543558074,0.0,24
cost_aware_utility,base,2024-11-02,1.016390688543558,0.016390688543558074,0.0,24
cost_aware_utility,base,2024-11-03,1.016390688543558,0.016390688543558074,0.0,24
cost_aware_utility,base,2024-11-04,1.016390688543558,0.016390688543558074,0.0,24
cost_aware_utility,base,2024-11-05,1.016390688543558,0.016390688543558074,0.0,24
cost_aware_utility,base,2024-11-06,1.016390688543558,0.016390688543558074,0.0,24
cost_aware_utility,base,2024-11-07,1.016390688543558,0.016390688543558074,0.0,24
cost_aware_utility,base,2024-11-08,1.016390688543558,0.016390688543558074,0.0,24
cost_aware_utility,base,2024-11-09,1.016390688543558,0.016390688543558074,0.0,24
cost_aware_utility,base,2024-11-10,1.0276361577135054,0.02763615771350536,110.33872604370116,24
cost_aware_utility,base,2024-11-11,1.0286525521406835,0.028652552140683518,9.890605926513672,24
cost_aware_utility,base,2024-11-12,1.0286525521406835,0.028652552140683518,0.0,24
cost_aware_utility,base,2024-11-13,1.0310562718075562,0.031056271807556213,23.534604390462235,24
cost_aware_utility,base,2024-11-14,1.0330842011920744,0.03308420119207445,19.66846466064453,24
cost_aware_utility,base,2024-11-15,1.0330842011920744,0.03308420119207445,0.0,24
cost_aware_utility,base,2024-11-16,1.0330842011920744,0.03308420119207445,0.0,24
cost_aware_utility,base,2024-11-17,1.0330842011920744,0.03308420119207445,0.0,24
cost_aware_utility,base,2024-11-18,1.0330842011920744,0.03308420119207445,0.0,24
cost_aware_utility,base,2024-11-19,1.0330842011920744,0.03308420119207445,0.0,24
cost_aware_utility,base,2024-11-20,1.0330842011920744,0.03308420119207445,0.0,24
cost_aware_utility,base,2024-11-21,1.0351133450690149,0.03511334506901487,19.64161173502604,24
cost_aware_utility,base,2024-11-22,1.0344278485856442,0.03442784858564418,-6.2174965540567975,24
cost_aware_utility,base,2024-11-23,1.0344278485856442,0.03442784858564418,0.0,24
cost_aware_utility,base,2024-11-24,1.0344278485856442,0.03442784858564418,0.0,24
cost_aware_utility,base,2024-11-25,1.0344278485856442,0.03442784858564418,0.0,24
cost_aware_utility,base,2024-11-26,1.0344278485856442,0.03442784858564418,0.0,24
cost_aware_utility,base,2024-11-27,1.0344278485856442,0.03442784858564418,0.0,24
cost_aware_utility,base,2024-11-28,1.0344278485856442,0.03442784858564418,0.0,24
cost_aware_utility,base,2024-11-29,1.0344278485856442,0.03442784858564418,0.0,24
cost_aware_utility,base,2024-11-30,1.0344278485856442,0.03442784858564418,0.0,24
cost_aware_utility,base,2024-12-01,1.0344278485856442,0.03442784858564418,0.0,24
cost_aware_utility,base,2024-12-02,1.0344278485856442,0.03442784858564418,0.0,24
cost_aware_utility,base,2024-12-03,1.0344278485856442,0.03442784858564418,0.0,24
cost_aware_utility,base,2024-12-04,1.0344278485856442,0.03442784858564418,0.0,24
cost_aware_utility,base,2024-12-05,1.0344278485856442,0.03442784858564418,0.0,24
cost_aware_utility,base,2024-12-06,1.0344278485856442,0.03442784858564418,0.0,24
cost_aware_utility,base,2024-12-07,1.0344278485856442,0.03442784858564418,0.0,24
cost_aware_utility,base,2024-12-08,1.0344278485856442,0.03442784858564418,0.0,24
cost_aware_utility,base,2024-12-09,1.0316554480910645,0.031655448091064464,-26.817728281021118,24
cost_aware_utility,base,2024-12-10,1.0367134920734138,0.03671349207341379,50.56841516494751,24
cost_aware_utility,base,2024-12-11,1.0367134920734138,0.03671349207341379,0.0,24
cost_aware_utility,base,2024-12-12,1.0367134920734138,0.03671349207341379,0.0,24
cost_aware_utility,base,2024-12-13,1.0367134920734138,0.03671349207341379,0.0,24
cost_aware_utility,base,2024-12-14,1.0367134920734138,0.03671349207341379,0.0,24
cost_aware_utility,base,2024-12-15,1.0367134920734138,0.03671349207341379,0.0,24
cost_aware_utility,base,2024-12-16,1.0367134920734138,0.03671349207341379,0.0,24
cost_aware_utility,base,2024-12-17,1.0367134920734138,0.03671349207341379,0.0,24
cost_aware_utility,base,2024-12-18,1.036718818177536,0.03671881817753597,0.2021700541178415,24
cost_aware_utility,base,2024-12-19,1.028791754225589,0.028791754225589106,-75.3586336771647,24
cost_aware_utility,base,2024-12-20,1.0782907240183737,0.07829072401837367,478.33291085561115,24
cost_aware_utility,base,2024-12-21,1.0750752103960846,0.07507521039608456,-28.843713442484514,24
cost_aware_utility,base,2024-12-22,1.0750752103960846,0.07507521039608456,0.0,24
cost_aware_utility,base,2024-12-23,1.0750752103960846,0.07507521039608456,0.0,24
cost_aware_utility,base,2024-12-24,1.0750752103960846,0.07507521039608456,0.0,24
cost_aware_utility,base,2024-12-25,1.0750752103960846,0.07507521039608456,0.0,24
cost_aware_utility,base,2024-12-26,1.0750752103960846,0.07507521039608456,0.0,24
cost_aware_utility,base,2024-12-27,1.0750752103960846,0.07507521039608456,0.0,24
cost_aware_utility,base,2024-12-28,1.0750752103960846,0.07507521039608456,0.0,24
cost_aware_utility,base,2024-12-29,1.0750752103960846,0.07507521039608456,0.0,24
cost_aware_utility,base,2024-12-30,1.0750752103960846,0.07507521039608456,0.0,24
cost_aware_utility,base,2024-12-31,1.0750752103960846,0.07507521039608456,0.0,24
cost_aware_utility,base,2025-01-01,1.0750752103960846,0.07507521039608456,0.0,24
cost_aware_utility,base,2025-01-02,1.0750752103960846,0.07507521039608456,0.0,24
cost_aware_utility,base,2025-01-03,1.0750752103960846,0.07507521039608456,0.0,24
cost_aware_utility,base,2025-01-04,1.0750752103960846,0.07507521039608456,0.0,24
cost_aware_utility,base,2025-01-05,1.0750752103960846,0.07507521039608456,0.0,24
cost_aware_utility,base,2025-01-06,1.0750752103960846,0.07507521039608456,0.0,24
cost_aware_utility,base,2025-01-07,1.0750752103960846,0.07507521039608456,0.0,24
cost_aware_utility,base,2025-01-08,1.0750752103960846,0.07507521039608456,0.0,24
cost_aware_utility,base,2025-01-09,1.0750752103960846,0.07507521039608456,0.0,24
cost_aware_utility,base,2025-01-10,1.0750752103960846,0.07507521039608456,0.0,24
cost_aware_utility,base,2025-01-11,1.0750752103960846,0.07507521039608456,0.0,24
cost_aware_utility,base,2025-01-12,1.0750752103960846,0.07507521039608456,0.0,24
cost_aware_utility,base,2025-01-13,1.100671893462723,0.1006718934627231,237.15217908223474,24
cost_aware_utility,base,2025-01-14,1.1155958854003474,0.11559588540034738,135.83138116200763,24
cost_aware_utility,base,2025-01-15,1.1155958854003474,0.11559588540034738,0.0,24
cost_aware_utility,base,2025-01-16,1.1103041544208663,0.11030415442086627,-47.43472544352214,24
cost_aware_utility,base,2025-01-17,1.1138079389845204,0.11380793898452035,31.760440826416016,24
cost_aware_utility,base,2025-01-18,1.1166820444043863,0.11668204440438634,28.34833717346191,24
cost_aware_utility,base,2025-01-19,1.1898316412769745,0.1898316412769745,644.9904139836631,24
cost_aware_utility,base,2025-01-20,1.188872631195453,0.18887263119545294,-3.0341440836588873,24
cost_aware_utility,base,2025-01-21,1.2141329321509688,0.21413293215096885,213.91978505750492,24
cost_aware_utility,base,2025-01-22,1.2141329321509688,0.21413293215096885,0.0,24
cost_aware_utility,base,2025-01-23,1.2141329321509688,0.21413293215096885,0.0,24
cost_aware_utility,base,2025-01-24,1.2141329321509688,0.21413293215096885,0.0,24
cost_aware_utility,base,2025-01-25,1.2141329321509688,0.21413293215096885,0.0,24
cost_aware_utility,base,2025-01-26,1.2141329321509688,0.21413293215096885,0.0,24
cost_aware_utility,base,2025-01-27,1.2270145967940216,0.22701459679402158,107.34259911378224,24
cost_aware_utility,base,2025-01-28,1.2334830788478373,0.23348307884783726,52.81188710530599,24
cost_aware_utility,base,2025-01-29,1.2334830788478373,0.23348307884783726,0.0,24
cost_aware_utility,base,2025-01-30,1.2334830788478373,0.23348307884783726,0.0,24
cost_aware_utility,base,2025-01-31,1.2334830788478373,0.23348307884783726,0.0,24
cost_aware_utility,base,2025-02-01,1.2334830788478373,0.23348307884783726,0.0,24
cost_aware_utility,base,2025-02-02,1.237163662833517,0.23716366283351697,30.919282277425136,24
cost_aware_utility,base,2025-02-03,1.1479630271927208,0.1479630271927208,-724.3121468623478,24
cost_aware_utility,base,2025-02-04,1.171904004145876,0.17190400414587592,210.30076456069955,24
cost_aware_utility,base,2025-02-05,1.1772769449482663,0.1772769449482663,45.94947179158528,24
cost_aware_utility,base,2025-02-06,1.1772769449482663,0.1772769449482663,0.0,24
cost_aware_utility,base,2025-02-07,1.1772769449482663,0.1772769449482663,0.0,24
cost_aware_utility,base,2025-02-08,1.1772769449482663,0.1772769449482663,0.0,24
cost_aware_utility,base,2025-02-09,1.194027943562664,0.19402794356266395,142.2859649658203,24
cost_aware_utility,base,2025-02-10,1.194027943562664,0.19402794356266395,0.0,24
cost_aware_utility,base,2025-02-11,1.194027943562664,0.19402794356266395,0.0,24
cost_aware_utility,base,2025-02-12,1.194027943562664,0.19402794356266395,0.0,24
cost_aware_utility,base,2025-02-13,1.194027943562664,0.19402794356266395,0.0,24
cost_aware_utility,base,2025-02-14,1.194027943562664,0.19402794356266395,0.0,24
cost_aware_utility,base,2025-02-15,1.194027943562664,0.19402794356266395,0.0,24
cost_aware_utility,base,2025-02-16,1.192973950806446,0.19297395080644608,-8.827203432718912,24
cost_aware_utility,base,2025-02-17,1.2145630816197235,0.21456308161972348,179.9850228627523,24
cost_aware_utility,base,2025-02-18,1.2127178258060463,0.21271782580604626,-14.431356430053732,24
cost_aware_utility,base,2025-02-19,1.2149940695446666,0.2149940695446666,19.314016977945972,24
cost_aware_utility,base,2025-02-20,1.2149940695446666,0.2149940695446666,0.0,24
cost_aware_utility,base,2025-02-21,1.2149940695446666,0.2149940695446666,0.0,24
cost_aware_utility,base,2025-02-22,1.2149940695446666,0.2149940695446666,0.0,24
cost_aware_utility,base,2025-02-23,1.2149940695446666,0.2149940695446666,0.0,24
cost_aware_utility,base,2025-02-24,1.2190854065597097,0.21908540655970965,33.673720041910805,24
cost_aware_utility,base,2025-02-25,1.2535322117257188,0.2535322117257188,286.9999918341637,24
cost_aware_utility,base,2025-02-26,1.2304943280245302,0.23049432802453018,-184.2965822219849,24
cost_aware_utility,base,2025-02-27,1.2304943280245302,0.23049432802453018,0.0,24
cost_aware_utility,base,2025-02-28,1.2959229354771578,0.29592293547715776,523.6163783073425,24
cost_aware_utility,base,2025-03-01,1.2898990159437582,0.2898990159437582,-44.89514859517415,24
cost_aware_utility,base,2025-03-02,1.2754521264783696,0.2754521264783696,-110.51364135742188,24
cost_aware_utility,base,2025-03-03,1.1909347893818467,0.19093478938184671,-676.2971340815227,24
cost_aware_utility,base,2025-03-04,1.1816838424292164,0.18168384242921642,-66.41761589050286,24
cost_aware_utility,base,2025-03-05,1.1769996617056075,0.17699966170560755,-38.22817071278889,24
cost_aware_utility,base,2025-03-06,1.1786277372717735,0.1786277372717735,14.221039454142254,24
cost_aware_utility,base,2025-03-07,1.2528699039332019,0.25286990393320186,616.4417843421301,24
cost_aware_utility,base,2025-03-08,1.2528699039332019,0.25286990393320186,0.0,24
cost_aware_utility,base,2025-03-09,1.2528699039332019,0.25286990393320186,0.0,24
cost_aware_utility,base,2025-03-10,1.2016756213337607,0.2016756213337607,-411.2944631576538,24
cost_aware_utility,base,2025-03-11,1.2435481652858844,0.2435481652858844,351.61462223529816,24
cost_aware_utility,base,2025-03-12,1.2278386970708053,0.22783869707080528,-121.99086769421895,24
cost_aware_utility,base,2025-03-13,1.2278386970708053,0.22783869707080528,0.0,24
cost_aware_utility,base,2025-03-14,1.240941843318658,0.2409418433186581,106.7171630859375,24
cost_aware_utility,base,2025-03-15,1.240941843318658,0.2409418433186581,0.0,24
cost_aware_utility,base,2025-03-16,1.240941843318658,0.2409418433186581,0.0,24
cost_aware_utility,base,2025-03-17,1.240941843318658,0.2409418433186581,0.0,24
cost_aware_utility,base,2025-03-18,1.240941843318658,0.2409418433186581,0.0,24
cost_aware_utility,base,2025-03-19,1.240941843318658,0.2409418433186581,0.0,24
cost_aware_utility,base,2025-03-20,1.240941843318658,0.2409418433186581,0.0,24
cost_aware_utility,base,2025-03-21,1.240941843318658,0.2409418433186581,0.0,24
cost_aware_utility,base,2025-03-22,1.240941843318658,0.2409418433186581,0.0,24
cost_aware_utility,base,2025-03-23,1.240941843318658,0.2409418433186581,0.0,24
cost_aware_utility,base,2025-03-24,1.240941843318658,0.2409418433186581,0.0,24
cost_aware_utility,base,2025-03-25,1.240941843318658,0.2409418433186581,0.0,24
cost_aware_utility,base,2025-03-26,1.240941843318658,0.2409418433186581,0.0,24
cost_aware_utility,base,2025-03-27,1.240941843318658,0.2409418433186581,0.0,24
cost_aware_utility,base,2025-03-28,1.240941843318658,0.2409418433186581,0.0,24
cost_aware_utility,base,2025-03-29,1.240941843318658,0.2409418433186581,0.0,24
cost_aware_utility,base,2025-03-30,1.240941843318658,0.2409418433186581,0.0,24
cost_aware_utility,base,2025-03-31,1.240941843318658,0.2409418433186581,0.0,24
cost_aware_utility,base,2025-04-01,1.240941843318658,0.2409418433186581,0.0,24
cost_aware_utility,base,2025-04-02,1.2403070956769315,0.24030709567693154,-5.115047454833984,24
cost_aware_utility,base,2025-04-03,1.2346820942201504,0.2346820942201504,-43.921432018280015,24
cost_aware_utility,base,2025-04-04,1.2346820942201504,0.2346820942201504,0.0,24
cost_aware_utility,base,2025-04-05,1.2346820942201504,0.2346820942201504,0.0,24
cost_aware_utility,base,2025-04-06,1.2141720725157683,0.2141720725157683,-166.67367362976074,24
cost_aware_utility,base,2025-04-07,1.2076839287007968,0.20768392870079677,-36.65141326189034,24
cost_aware_utility,base,2025-04-08,1.2091022289209807,0.20910222892098074,16.93720714251205,24
cost_aware_utility,base,2025-04-09,1.193515735138628,0.19351573513862808,-128.85705057779947,24
cost_aware_utility,base,2025-04-10,1.193515735138628,0.19351573513862808,0.0,24
cost_aware_utility,base,2025-04-11,1.193515735138628,0.19351573513862808,0.0,24
cost_aware_utility,base,2025-04-12,1.193515735138628,0.19351573513862808,0.0,24
cost_aware_utility,base,2025-04-13,1.1964376782199875,0.19643767821998748,24.5041446685791,24
cost_aware_utility,base,2025-04-14,1.2060691345565944,0.20606913455659437,81.16757059097291,24
cost_aware_utility,base,2025-04-15,1.2060691345565944,0.20606913455659437,0.0,24
cost_aware_utility,base,2025-04-16,1.2060691345565944,0.20606913455659437,0.0,24
cost_aware_utility,base,2025-04-17,1.2060691345565944,0.20606913455659437,0.0,24
cost_aware_utility,base,2025-04-18,1.2060691345565944,0.20606913455659437,0.0,24
cost_aware_utility,base,2025-04-19,1.2060691345565944,0.20606913455659437,0.0,24
cost_aware_utility,base,2025-04-20,1.2060691345565944,0.20606913455659437,0.0,24
cost_aware_utility,base,2025-04-21,1.2060691345565944,0.20606913455659437,0.0,24
cost_aware_utility,base,2025-04-22,1.2022933895813226,0.2022933895813226,-31.239600499471024,24
cost_aware_utility,base,2025-04-23,1.2022933895813226,0.2022933895813226,0.0,24
cost_aware_utility,base,2025-04-24,1.2022933895813226,0.2022933895813226,0.0,24
cost_aware_utility,base,2025-04-25,1.2022933895813226,0.2022933895813226,0.0,24
cost_aware_utility,base,2025-04-26,1.2022933895813226,0.2022933895813226,0.0,24
cost_aware_utility,base,2025-04-27,1.2022933895813226,0.2022933895813226,0.0,24
cost_aware_utility,base,2025-04-28,1.2022933895813226,0.2022933895813226,0.0,24
cost_aware_utility,base,2025-04-29,1.2022933895813226,0.2022933895813226,0.0,24
cost_aware_utility,base,2025-04-30,1.2022933895813226,0.2022933895813226,0.0,24
cost_aware_utility,base,2025-05-01,1.2022933895813226,0.2022933895813226,0.0,24
cost_aware_utility,base,2025-05-02,1.2022933895813226,0.2022933895813226,0.0,24
cost_aware_utility,base,2025-05-03,1.2022933895813226,0.2022933895813226,0.0,24
cost_aware_utility,base,2025-05-04,1.2022933895813226,0.2022933895813226,0.0,24
cost_aware_utility,base,2025-05-05,1.2022933895813226,0.2022933895813226,0.0,24
cost_aware_utility,base,2025-05-06,1.2022933895813226,0.2022933895813226,0.0,24
cost_aware_utility,base,2025-05-07,1.2022933895813226,0.2022933895813226,0.0,24
cost_aware_utility,base,2025-05-08,1.2022933895813226,0.2022933895813226,0.0,24
cost_aware_utility,base,2025-05-09,1.205481427802909,0.2054814278029089,27.10467910766601,24
cost_aware_utility,base,2025-05-10,1.205481427802909,0.2054814278029089,0.0,24
cost_aware_utility,base,2025-05-11,1.205481427802909,0.2054814278029089,0.0,24
cost_aware_utility,base,2025-05-12,1.205481427802909,0.2054814278029089,0.0,24
cost_aware_utility,base,2025-05-13,1.205481427802909,0.2054814278029089,0.0,24
cost_aware_utility,base,2025-05-14,1.205481427802909,0.2054814278029089,0.0,24
cost_aware_utility,base,2025-05-15,1.205481427802909,0.2054814278029089,0.0,24
cost_aware_utility,base,2025-05-16,1.205481427802909,0.2054814278029089,0.0,24
cost_aware_utility,base,2025-05-17,1.205481427802909,0.2054814278029089,0.0,24
cost_aware_utility,base,2025-05-18,1.2212427461424638,0.22124274614246375,130.74708557128906,24
cost_aware_utility,base,2025-05-19,1.2418974390095807,0.24189743900958072,168.2359134356181,24
cost_aware_utility,base,2025-05-20,1.238861113217644,0.23886111321764392,-24.449086507161457,24
cost_aware_utility,base,2025-05-21,1.2664453001050708,0.26644530010507084,221.23993857701618,24
cost_aware_utility,base,2025-05-22,1.2806688553481358,0.2806688553481358,113.15371576944986,24
cost_aware_utility,base,2025-05-23,1.2816941934641188,0.28169419346411884,8.00627040863037,24
cost_aware_utility,base,2025-05-24,1.2816941934641188,0.28169419346411884,0.0,24
cost_aware_utility,base,2025-05-25,1.2816941934641188,0.28169419346411884,0.0,24
cost_aware_utility,base,2025-05-26,1.2816941934641188,0.28169419346411884,0.0,24
cost_aware_utility,base,2025-05-27,1.2816941934641188,0.28169419346411884,0.0,24
cost_aware_utility,base,2025-05-28,1.2816941934641188,0.28169419346411884,0.0,24
cost_aware_utility,base,2025-05-29,1.2816941934641188,0.28169419346411884,0.0,24
cost_aware_utility,base,2025-05-30,1.2816941934641188,0.28169419346411884,0.0,24
cost_aware_utility,base,2025-05-31,1.2816941934641188,0.28169419346411884,0.0,24
cost_aware_utility,base,2025-06-01,1.2816941934641188,0.28169419346411884,0.0,24
cost_aware_utility,base,2025-06-02,1.2816941934641188,0.28169419346411884,0.0,24
cost_aware_utility,base,2025-06-03,1.2816941934641188,0.28169419346411884,0.0,24
cost_aware_utility,base,2025-06-04,1.2816941934641188,0.28169419346411884,0.0,24
cost_aware_utility,base,2025-06-05,1.2816941934641188,0.28169419346411884,0.0,24
cost_aware_utility,base,2025-06-06,1.2816941934641188,0.28169419346411884,0.0,24
cost_aware_utility,base,2025-06-07,1.2816941934641188,0.28169419346411884,0.0,24
cost_aware_utility,base,2025-06-08,1.2816941934641188,0.28169419346411884,0.0,24
cost_aware_utility,base,2025-06-09,1.2816941934641188,0.28169419346411884,0.0,24
cost_aware_utility,base,2025-06-10,1.2816941934641188,0.28169419346411884,0.0,24
cost_aware_utility,base,2025-06-11,1.2816941934641188,0.28169419346411884,0.0,24
cost_aware_utility,base,2025-06-12,1.2816941934641188,0.28169419346411884,0.0,24
cost_aware_utility,base,2025-06-13,1.2816941934641188,0.28169419346411884,0.0,24
cost_aware_utility,base,2025-06-14,1.2816941934641188,0.28169419346411884,0.0,24
cost_aware_utility,base,2025-06-15,1.2816941934641188,0.28169419346411884,0.0,24
cost_aware_utility,base,2025-06-16,1.2816941934641188,0.28169419346411884,0.0,24
cost_aware_utility,base,2025-06-17,1.2816941934641188,0.28169419346411884,0.0,24
cost_aware_utility,base,2025-06-18,1.2816941934641188,0.28169419346411884,0.0,24
cost_aware_utility,base,2025-06-19,1.2816941934641188,0.28169419346411884,0.0,24
cost_aware_utility,base,2025-06-20,1.2816941934641188,0.28169419346411884,0.0,24
cost_aware_utility,base,2025-06-21,1.2855008126873613,0.28550081268736127,29.686454137166336,24
cost_aware_utility,base,2025-06-22,1.2733927081329244,0.2733927081329244,-94.3120896021525,24
cost_aware_utility,base,2025-06-23,1.2733927081329244,0.2733927081329244,0.0,24
cost_aware_utility,base,2025-06-24,1.2733927081329244,0.2733927081329244,0.0,24
cost_aware_utility,base,2025-06-25,1.2733927081329244,0.2733927081329244,0.0,24
cost_aware_utility,base,2025-06-26,1.2733927081329244,0.2733927081329244,0.0,24
cost_aware_utility,base,2025-06-27,1.2733927081329244,0.2733927081329244,0.0,24
cost_aware_utility,base,2025-06-28,1.2733927081329244,0.2733927081329244,0.0,24
cost_aware_utility,base,2025-06-29,1.2733927081329244,0.2733927081329244,0.0,24
cost_aware_utility,stress,2024-10-01,1.0,0.0,0.0,24
cost_aware_utility,stress,2024-10-02,1.0,0.0,0.0,24
cost_aware_utility,stress,2024-10-03,1.0,0.0,0.0,24
cost_aware_utility,stress,2024-10-04,1.0,0.0,0.0,24
cost_aware_utility,stress,2024-10-05,1.0,0.0,0.0,24
cost_aware_utility,stress,2024-10-06,1.0,0.0,0.0,24
cost_aware_utility,stress,2024-10-07,1.002376698811849,0.0023766988118489873,23.76698811848958,24
cost_aware_utility,stress,2024-10-08,1.002376698811849,0.0023766988118489873,0.0,24
cost_aware_utility,stress,2024-10-09,1.002376698811849,0.0023766988118489873,0.0,24
cost_aware_utility,stress,2024-10-10,1.002376698811849,0.0023766988118489873,0.0,24
cost_aware_utility,stress,2024-10-11,1.002376698811849,0.0023766988118489873,0.0,24
cost_aware_utility,stress,2024-10-12,1.002376698811849,0.0023766988118489873,0.0,24
cost_aware_utility,stress,2024-10-13,1.002376698811849,0.0023766988118489873,0.0,24
cost_aware_utility,stress,2024-10-14,1.002376698811849,0.0023766988118489873,0.0,24
cost_aware_utility,stress,2024-10-15,1.0160943141384526,0.016094314138452637,137.07781171798706,24
cost_aware_utility,stress,2024-10-16,1.0157910892683075,0.015791089268307523,-2.8554658889770543,24
cost_aware_utility,stress,2024-10-17,1.0157910892683075,0.015791089268307523,0.0,24
cost_aware_utility,stress,2024-10-18,1.0157910892683075,0.015791089268307523,0.0,24
cost_aware_utility,stress,2024-10-19,1.0157910892683075,0.015791089268307523,0.0,24
cost_aware_utility,stress,2024-10-20,1.0157910892683075,0.015791089268307523,0.0,24
cost_aware_utility,stress,2024-10-21,1.0157910892683075,0.015791089268307523,0.0,24
cost_aware_utility,stress,2024-10-22,1.0157910892683075,0.015791089268307523,0.0,24
cost_aware_utility,stress,2024-10-23,1.0157910892683075,0.015791089268307523,0.0,24
cost_aware_utility,stress,2024-10-24,1.0157910892683075,0.015791089268307523,0.0,24
cost_aware_utility,stress,2024-10-25,1.0157910892683075,0.015791089268307523,0.0,24
cost_aware_utility,stress,2024-10-26,1.0157910892683075,0.015791089268307523,0.0,24
cost_aware_utility,stress,2024-10-27,1.0157910892683075,0.015791089268307523,0.0,24
cost_aware_utility,stress,2024-10-28,1.0155796915490822,0.01557969154908223,-2.0811141331990557,24
cost_aware_utility,stress,2024-10-29,1.0155796915490822,0.01557969154908223,0.0,24
cost_aware_utility,stress,2024-10-30,1.0155796915490822,0.01557969154908223,0.0,24
cost_aware_utility,stress,2024-10-31,1.0155796915490822,0.01557969154908223,0.0,24
cost_aware_utility,stress,2024-11-01,1.0155796915490822,0.01557969154908223,0.0,24
cost_aware_utility,stress,2024-11-02,1.0155796915490822,0.01557969154908223,0.0,24
cost_aware_utility,stress,2024-11-03,1.0155796915490822,0.01557969154908223,0.0,24
cost_aware_utility,stress,2024-11-04,1.0155796915490822,0.01557969154908223,0.0,24
cost_aware_utility,stress,2024-11-05,1.0155796915490822,0.01557969154908223,0.0,24
cost_aware_utility,stress,2024-11-06,1.0155796915490822,0.01557969154908223,0.0,24
cost_aware_utility,stress,2024-11-07,1.0155796915490822,0.01557969154908223,0.0,24
cost_aware_utility,stress,2024-11-08,1.0155796915490822,0.01557969154908223,0.0,24
cost_aware_utility,stress,2024-11-09,1.0155796915490822,0.01557969154908223,0.0,24
cost_aware_utility,stress,2024-11-10,1.0267482235059326,0.026748223505932645,109.67205937703449,24
cost_aware_utility,stress,2024-11-11,1.0276952898308103,0.027695289830810266,9.223939259847004,24
cost_aware_utility,stress,2024-11-12,1.0276952898308103,0.027695289830810266,0.0,24
cost_aware_utility,stress,2024-11-13,1.029959920439247,0.02995992043924689,22.2012710571289,24
cost_aware_utility,stress,2024-11-14,1.031711037490167,0.031711037490167016,17.001797993977863,24
cost_aware_utility,stress,2024-11-15,1.031711037490167,0.031711037490167016,0.0,24
cost_aware_utility,stress,2024-11-16,1.031711037490167,0.031711037490167016,0.0,24
cost_aware_utility,stress,2024-11-17,1.031711037490167,0.031711037490167016,0.0,24
cost_aware_utility,stress,2024-11-18,1.031711037490167,0.031711037490167016,0.0,24
cost_aware_utility,stress,2024-11-19,1.031711037490167,0.031711037490167016,0.0,24
cost_aware_utility,stress,2024-11-20,1.031711037490167,0.031711037490167016,0.0,24
cost_aware_utility,stress,2024-11-21,1.0336687035164467,0.033668703516446685,18.974945068359375,24
cost_aware_utility,stress,2024-11-22,1.032915128533326,0.03291512853332601,-6.884163220723462,24
cost_aware_utility,stress,2024-11-23,1.032915128533326,0.03291512853332601,0.0,24
cost_aware_utility,stress,2024-11-24,1.032915128533326,0.03291512853332601,0.0,24
cost_aware_utility,stress,2024-11-25,1.032915128533326,0.03291512853332601,0.0,24
cost_aware_utility,stress,2024-11-26,1.032915128533326,0.03291512853332601,0.0,24
cost_aware_utility,stress,2024-11-27,1.032915128533326,0.03291512853332601,0.0,24
cost_aware_utility,stress,2024-11-28,1.032915128533326,0.03291512853332601,0.0,24
cost_aware_utility,stress,2024-11-29,1.032915128533326,0.03291512853332601,0.0,24
cost_aware_utility,stress,2024-11-30,1.032915128533326,0.03291512853332601,0.0,24
cost_aware_utility,stress,2024-12-01,1.032915128533326,0.03291512853332601,0.0,24
cost_aware_utility,stress,2024-12-02,1.032915128533326,0.03291512853332601,0.0,24
cost_aware_utility,stress,2024-12-03,1.032915128533326,0.03291512853332601,0.0,24
cost_aware_utility,stress,2024-12-04,1.032915128533326,0.03291512853332601,0.0,24
cost_aware_utility,stress,2024-12-05,1.032915128533326,0.03291512853332601,0.0,24
cost_aware_utility,stress,2024-12-06,1.032915128533326,0.03291512853332601,0.0,24
cost_aware_utility,stress,2024-12-07,1.032915128533326,0.03291512853332601,0.0,24
cost_aware_utility,stress,2024-12-08,1.032915128533326,0.03291512853332601,0.0,24
cost_aware_utility,stress,2024-12-09,1.0300092991197443,0.03000929911974426,-28.151061614354454,24
cost_aware_utility,stress,2024-12-10,1.0349213454942752,0.03492134549427517,49.235081831614174,24
cost_aware_utility,stress,2024-12-11,1.0349213454942752,0.03492134549427517,0.0,24
cost_aware_utility,stress,2024-12-12,1.0349213454942752,0.03492134549427517,0.0,24
cost_aware_utility,stress,2024-12-13,1.0349213454942752,0.03492134549427517,0.0,24
cost_aware_utility,stress,2024-12-14,1.0349213454942752,0.03492134549427517,0.0,24
cost_aware_utility,stress,2024-12-15,1.0349213454942752,0.03492134549427517,0.0,24
cost_aware_utility,stress,2024-12-16,1.0349213454942752,0.03492134549427517,0.0,24
cost_aware_utility,stress,2024-12-17,1.0349213454942752,0.03492134549427517,0.0,24
cost_aware_utility,stress,2024-12-18,1.0348578751563449,0.034857875156344864,-0.46449661254882635,24
cost_aware_utility,stress,2024-12-19,1.0267396764630154,0.02673967646301545,-77.35863367716468,24
cost_aware_utility,stress,2024-12-20,1.0758528324054881,0.07585283240548812,475.6662441889444,24
cost_aware_utility,stress,2024-12-21,1.072501188127838,0.0725011881278379,-30.17704677581785,24
cost_aware_utility,stress,2024-12-22,1.072501188127838,0.0725011881278379,0.0,24
cost_aware_utility,stress,2024-12-23,1.072501188127838,0.0725011881278379,0.0,24
cost_aware_utility,stress,2024-12-24,1.072501188127838,0.0725011881278379,0.0,24
cost_aware_utility,stress,2024-12-25,1.072501188127838,0.0725011881278379,0.0,24
cost_aware_utility,stress,2024-12-26,1.072501188127838,0.0725011881278379,0.0,24
cost_aware_utility,stress,2024-12-27,1.072501188127838,0.0725011881278379,0.0,24
cost_aware_utility,stress,2024-12-28,1.072501188127838,0.0725011881278379,0.0,24
cost_aware_utility,stress,2024-12-29,1.072501188127838,0.0725011881278379,0.0,24
cost_aware_utility,stress,2024-12-30,1.072501188127838,0.0725011881278379,0.0,24
cost_aware_utility,stress,2024-12-31,1.072501188127838,0.0725011881278379,0.0,24
cost_aware_utility,stress,2025-01-01,1.072501188127838,0.0725011881278379,0.0,24
cost_aware_utility,stress,2025-01-02,1.072501188127838,0.0725011881278379,0.0,24
cost_aware_utility,stress,2025-01-03,1.072501188127838,0.0725011881278379,0.0,24
cost_aware_utility,stress,2025-01-04,1.072501188127838,0.0725011881278379,0.0,24
cost_aware_utility,stress,2025-01-05,1.072501188127838,0.0725011881278379,0.0,24
cost_aware_utility,stress,2025-01-06,1.072501188127838,0.0725011881278379,0.0,24
cost_aware_utility,stress,2025-01-07,1.072501188127838,0.0725011881278379,0.0,24
cost_aware_utility,stress,2025-01-08,1.072501188127838,0.0725011881278379,0.0,24
cost_aware_utility,stress,2025-01-09,1.072501188127838,0.0725011881278379,0.0,24
cost_aware_utility,stress,2025-01-10,1.072501188127838,0.0725011881278379,0.0,24
cost_aware_utility,stress,2025-01-11,1.072501188127838,0.0725011881278379,0.0,24
cost_aware_utility,stress,2025-01-12,1.072501188127838,0.0725011881278379,0.0,24
cost_aware_utility,stress,2025-01-13,1.0978908712653184,0.09789087126531837,235.81884574890137,24
cost_aware_utility,stress,2025-01-14,1.1126284225403131,0.11262842254031313,134.49804782867432,24
cost_aware_utility,stress,2025-01-15,1.1126284225403131,0.11262842254031313,0.0,24
cost_aware_utility,stress,2025-01-16,1.1072767877013694,0.10727678770136939,-48.1013921101888,24
cost_aware_utility,stress,2025-01-17,1.110697036373996,0.11069703637399608,31.093774159749348,24
cost_aware_utility,stress,2025-01-18,1.113415962606856,0.11341596260685605,27.015003840128585,24
cost_aware_utility,stress,2025-01-19,1.1858787225535776,0.18587872255357762,640.9904139836628,24
cost_aware_utility,stress,2025-01-20,1.1845280496228994,0.18452804962289937,-6.3674774169921875,24
cost_aware_utility,stress,2025-01-21,1.2092916550360293,0.2092916550360293,210.58645172417167,24
cost_aware_utility,stress,2025-01-22,1.2092916550360293,0.2092916550360293,0.0,24
cost_aware_utility,stress,2025-01-23,1.2092916550360293,0.2092916550360293,0.0,24
cost_aware_utility,stress,2025-01-24,1.2092916550360293,0.2092916550360293,0.0,24
cost_aware_utility,stress,2025-01-25,1.2092916550360293,0.2092916550360293,0.0,24
cost_aware_utility,stress,2025-01-26,1.2092916550360293,0.2092916550360293,0.0,24
cost_aware_utility,stress,2025-01-27,1.2220401808152914,0.22204018081529142,106.67593244711558,24
cost_aware_utility,stress,2025-01-28,1.2284003789332905,0.22840037893329046,52.14522043863933,24
cost_aware_utility,stress,2025-01-29,1.2284003789332905,0.22840037893329046,0.0,24
cost_aware_utility,stress,2025-01-30,1.2284003789332905,0.22840037893329046,0.0,24
cost_aware_utility,stress,2025-01-31,1.2284003789332905,0.22840037893329046,0.0,24
cost_aware_utility,stress,2025-02-01,1.2284003789332905,0.22840037893329046,0.0,24
cost_aware_utility,stress,2025-02-02,1.2319010034371096,0.23190100343710962,29.5859489440918,24
cost_aware_utility,stress,2025-02-03,1.1427754098968588,0.14277540989685877,-726.9788135290145,24
cost_aware_utility,stress,2025-02-04,1.1660624053034765,0.1660624053034765,205.63409789403283,24
cost_aware_utility,stress,2025-02-05,1.171330884202446,0.1713308842024459,45.28280512491861,24
cost_aware_utility,stress,2025-02-06,1.171330884202446,0.1713308842024459,0.0,24
cost_aware_utility,stress,2025-02-07,1.171330884202446,0.1713308842024459,0.0,24
cost_aware_utility,stress,2025-02-08,1.171330884202446,0.1713308842024459,0.0,24
cost_aware_utility,stress,2025-02-09,1.1876849238152931,0.18768492381529311,139.61929829915363,24
cost_aware_utility,stress,2025-02-10,1.1876849238152931,0.18768492381529311,0.0,24
cost_aware_utility,stress,2025-02-11,1.1876849238152931,0.18768492381529311,0.0,24
cost_aware_utility,stress,2025-02-12,1.1876849238152931,0.18768492381529311,0.0,24
cost_aware_utility,stress,2025-02-13,1.1876849238152931,0.18768492381529311,0.0,24
cost_aware_utility,stress,2025-02-14,1.1876849238152931,0.18768492381529311,0.0,24
cost_aware_utility,stress,2025-02-15,1.1876849238152931,0.18768492381529311,0.0,24
cost_aware_utility,stress,2025-02-16,1.186478172181802,0.18647817218180207,-10.160536766052246,24
cost_aware_utility,stress,2025-02-17,1.207789794195102,0.2077897941951019,178.65168952941895,24
cost_aware_utility,stress,2025-02-18,1.2058740915069521,0.20587409150695213,-15.098023096720361,24
cost_aware_utility,stress,2025-02-19,1.2080572215889955,0.20805722158899553,18.647350311279308,24
cost_aware_utility,stress,2025-02-20,1.2080572215889955,0.20805722158899553,0.0,24
cost_aware_utility,stress,2025-02-21,1.2080572215889955,0.20805722158899553,0.0,24
cost_aware_utility,stress,2025-02-22,1.2080572215889955,0.20805722158899553,0.0,24
cost_aware_utility,stress,2025-02-23,1.2080572215889955,0.20805722158899553,0.0,24
cost_aware_utility,stress,2025-02-24,1.2116419767677997,0.21164197676779972,29.673720041910805,24
cost_aware_utility,stress,2025-02-25,1.2453832236617906,0.24538322366179055,282.99999183416367,24
cost_aware_utility,stress,2025-02-26,1.2223312803960469,0.22233128039604688,-185.62991555531818,24
cost_aware_utility,stress,2025-02-27,1.2223312803960469,0.22233128039604688,0.0,24
cost_aware_utility,stress,2025-02-28,1.286809399280721,0.286809399280721,519.6163783073425,24
cost_aware_utility,stress,2025-03-01,1.2806559243082796,0.28065592430827957,-46.22848192850748,24
cost_aware_utility,stress,2025-03-02,1.2658068232500514,0.26580682325005145,-114.51364135742186,24
cost_aware_utility,stress,2025-03-03,1.1815259247924679,0.18152592479246787,-679.630467414856,24
cost_aware_utility,stress,2025-03-04,1.1718005688401656,0.1718005688401656,-71.08428255716956,24
cost_aware_utility,stress,2025-03-05,1.1666117219624859,0.16661172196248586,-42.89483737945557,24
cost_aware_utility,stress,2025-03-06,1.1681476996365971,0.16814769963659715,13.554372787475586,24
cost_aware_utility,stress,2025-03-07,1.2410743963847597,0.2410743963847597,611.1084510087967,24
cost_aware_utility,stress,2025-03-08,1.2410743963847597,0.2410743963847597,0.0,24
cost_aware_utility,stress,2025-03-09,1.2410743963847597,0.2410743963847597,0.0,24
cost_aware_utility,stress,2025-03-10,1.1900409356818278,0.19004093568182778,-413.96112982432055,24
cost_aware_utility,stress,2025-03-11,1.2311831397669135,0.23118313976691351,348.9479555686315,24
cost_aware_utility,stress,2025-03-12,1.2154668086224627,0.2154668086224627,-123.32420102755228,24
cost_aware_utility,stress,2025-03-13,1.2154668086224627,0.2154668086224627,0.0,24
cost_aware_utility,stress,2025-03-14,1.228113801104294,0.22811380110429402,104.05049641927083,24
cost_aware_utility,stress,2025-03-15,1.228113801104294,0.22811380110429402,0.0,24
cost_aware_utility,stress,2025-03-16,1.228113801104294,0.22811380110429402,0.0,24
cost_aware_utility,stress,2025-03-17,1.228113801104294,0.22811380110429402,0.0,24
cost_aware_utility,stress,2025-03-18,1.228113801104294,0.22811380110429402,0.0,24
cost_aware_utility,stress,2025-03-19,1.228113801104294,0.22811380110429402,0.0,24
cost_aware_utility,stress,2025-03-20,1.228113801104294,0.22811380110429402,0.0,24
cost_aware_utility,stress,2025-03-21,1.228113801104294,0.22811380110429402,0.0,24
cost_aware_utility,stress,2025-03-22,1.228113801104294,0.22811380110429402,0.0,24
cost_aware_utility,stress,2025-03-23,1.228113801104294,0.22811380110429402,0.0,24
cost_aware_utility,stress,2025-03-24,1.228113801104294,0.22811380110429402,0.0,24
cost_aware_utility,stress,2025-03-25,1.228113801104294,0.22811380110429402,0.0,24
cost_aware_utility,stress,2025-03-26,1.228113801104294,0.22811380110429402,0.0,24
cost_aware_utility,stress,2025-03-27,1.228113801104294,0.22811380110429402,0.0,24
cost_aware_utility,stress,2025-03-28,1.228113801104294,0.22811380110429402,0.0,24
cost_aware_utility,stress,2025-03-29,1.228113801104294,0.22811380110429402,0.0,24
cost_aware_utility,stress,2025-03-30,1.228113801104294,0.22811380110429402,0.0,24
cost_aware_utility,stress,2025-03-31,1.228113801104294,0.22811380110429402,0.0,24
cost_aware_utility,stress,2025-04-01,1.228113801104294,0.22811380110429402,0.0,24
cost_aware_utility,stress,2025-04-02,1.2273218665602215,0.22732186656022146,-6.4483807881673165,24
cost_aware_utility,stress,2025-04-03,1.2215913539310599,0.2215913539310599,-45.25476535161336,24
cost_aware_utility,stress,2025-04-04,1.2215913539310599,0.2215913539310599,0.0,24
cost_aware_utility,stress,2025-04-05,1.2215913539310599,0.2215913539310599,0.0,24
cost_aware_utility,stress,2025-04-06,1.2011383277022771,0.20113832770227713,-168.00700696309408,24
cost_aware_utility,stress,2025-04-07,1.1939200411025765,0.19392004110257655,-43.31807992855711,24
cost_aware_utility,stress,2025-04-08,1.1951635909424765,0.19516359094247648,15.603873809178701,24
cost_aware_utility,stress,2025-04-09,1.1794428747079782,0.17944287470797815,-131.52371724446613,24
cost_aware_utility,stress,2025-04-10,1.1794428747079782,0.17944287470797815,0.0,24
cost_aware_utility,stress,2025-04-11,1.1794428747079782,0.17944287470797815,0.0,24
cost_aware_utility,stress,2025-04-12,1.1794428747079782,0.17944287470797815,0.0,24
cost_aware_utility,stress,2025-04-13,1.1822516235683678,0.18225162356836777,23.837478001912434,24
cost_aware_utility,stress,2025-04-14,1.191689323879219,0.191689323879219,80.50090392430624,24
cost_aware_utility,stress,2025-04-15,1.191689323879219,0.191689323879219,0.0,24
cost_aware_utility,stress,2025-04-16,1.191689323879219,0.191689323879219,0.0,24
cost_aware_utility,stress,2025-04-17,1.191689323879219,0.191689323879219,0.0,24
cost_aware_utility,stress,2025-04-18,1.191689323879219,0.191689323879219,0.0,24
cost_aware_utility,stress,2025-04-19,1.191689323879219,0.191689323879219,0.0,24
cost_aware_utility,stress,2025-04-20,1.191689323879219,0.191689323879219,0.0,24
cost_aware_utility,stress,2025-04-21,1.191689323879219,0.191689323879219,0.0,24
cost_aware_utility,stress,2025-04-22,1.1877998575936828,0.18779985759368278,-32.57293383280437,24
cost_aware_utility,stress,2025-04-23,1.1877998575936828,0.18779985759368278,0.0,24
cost_aware_utility,stress,2025-04-24,1.1877998575936828,0.18779985759368278,0.0,24
cost_aware_utility,stress,2025-04-25,1.1877998575936828,0.18779985759368278,0.0,24
cost_aware_utility,stress,2025-04-26,1.1877998575936828,0.18779985759368278,0.0,24
cost_aware_utility,stress,2025-04-27,1.1877998575936828,0.18779985759368278,0.0,24
cost_aware_utility,stress,2025-04-28,1.1877998575936828,0.18779985759368278,0.0,24
cost_aware_utility,stress,2025-04-29,1.1877998575936828,0.18779985759368278,0.0,24
cost_aware_utility,stress,2025-04-30,1.1877998575936828,0.18779985759368278,0.0,24
cost_aware_utility,stress,2025-05-01,1.1877998575936828,0.18779985759368278,0.0,24
cost_aware_utility,stress,2025-05-02,1.1877998575936828,0.18779985759368278,0.0,24
cost_aware_utility,stress,2025-05-03,1.1877998575936828,0.18779985759368278,0.0,24
cost_aware_utility,stress,2025-05-04,1.1877998575936828,0.18779985759368278,0.0,24
cost_aware_utility,stress,2025-05-05,1.1877998575936828,0.18779985759368278,0.0,24
cost_aware_utility,stress,2025-05-06,1.1877998575936828,0.18779985759368278,0.0,24
cost_aware_utility,stress,2025-05-07,1.1877998575936828,0.18779985759368278,0.0,24
cost_aware_utility,stress,2025-05-08,1.1877998575936828,0.18779985759368278,0.0,24
cost_aware_utility,stress,2025-05-09,1.1907901717248788,0.19079017172487878,25.771345774332673,24
cost_aware_utility,stress,2025-05-10,1.1907901717248788,0.19079017172487878,0.0,24
cost_aware_utility,stress,2025-05-11,1.1907901717248788,0.19079017172487878,0.0,24
cost_aware_utility,stress,2025-05-12,1.1907901717248788,0.19079017172487878,0.0,24
cost_aware_utility,stress,2025-05-13,1.1907901717248788,0.19079017172487878,0.0,24
cost_aware_utility,stress,2025-05-14,1.1907901717248788,0.19079017172487878,0.0,24
cost_aware_utility,stress,2025-05-15,1.1907901717248788,0.19079017172487878,0.0,24
cost_aware_utility,stress,2025-05-16,1.1907901717248788,0.19079017172487878,0.0,24
cost_aware_utility,stress,2025-05-17,1.1907901717248788,0.19079017172487878,0.0,24
cost_aware_utility,stress,2025-05-18,1.205883090104185,0.20588309010418504,126.74708557128905,24
cost_aware_utility,stress,2025-05-19,1.2261964956991733,0.22619649569917333,167.56924676895144,24
cost_aware_utility,stress,2025-05-20,1.223116810846314,0.22311681084631396,-25.115753173828125,24
cost_aware_utility,stress,2025-05-21,1.2501840752686944,0.25018407526869435,219.90660524368286,24
cost_aware_utility,stress,2025-05-22,1.2640555393180917,0.26405553931809167,111.82038243611653,24
cost_aware_utility,stress,2025-05-23,1.264561954148295,0.2645619541482951,4.00627040863037,24
cost_aware_utility,stress,2025-05-24,1.264561954148295,0.2645619541482951,0.0,24
cost_aware_utility,stress,2025-05-25,1.264561954148295,0.2645619541482951,0.0,24
cost_aware_utility,stress,2025-05-26,1.264561954148295,0.2645619541482951,0.0,24
cost_aware_utility,stress,2025-05-27,1.264561954148295,0.2645619541482951,0.0,24
cost_aware_utility,stress,2025-05-28,1.264561954148295,0.2645619541482951,0.0,24
cost_aware_utility,stress,2025-05-29,1.264561954148295,0.2645619541482951,0.0,24
cost_aware_utility,stress,2025-05-30,1.264561954148295,0.2645619541482951,0.0,24
cost_aware_utility,stress,2025-05-31,1.264561954148295,0.2645619541482951,0.0,24
cost_aware_utility,stress,2025-06-01,1.264561954148295,0.2645619541482951,0.0,24
cost_aware_utility,stress,2025-06-02,1.264561954148295,0.2645619541482951,0.0,24
cost_aware_utility,stress,2025-06-03,1.264561954148295,0.2645619541482951,0.0,24
cost_aware_utility,stress,2025-06-04,1.264561954148295,0.2645619541482951,0.0,24
cost_aware_utility,stress,2025-06-05,1.264561954148295,0.2645619541482951,0.0,24
cost_aware_utility,stress,2025-06-06,1.264561954148295,0.2645619541482951,0.0,24
cost_aware_utility,stress,2025-06-07,1.264561954148295,0.2645619541482951,0.0,24
cost_aware_utility,stress,2025-06-08,1.264561954148295,0.2645619541482951,0.0,24
cost_aware_utility,stress,2025-06-09,1.264561954148295,0.2645619541482951,0.0,24
cost_aware_utility,stress,2025-06-10,1.264561954148295,0.2645619541482951,0.0,24
cost_aware_utility,stress,2025-06-11,1.264561954148295,0.2645619541482951,0.0,24
cost_aware_utility,stress,2025-06-12,1.264561954148295,0.2645619541482951,0.0,24
cost_aware_utility,stress,2025-06-13,1.264561954148295,0.2645619541482951,0.0,24
cost_aware_utility,stress,2025-06-14,1.264561954148295,0.2645619541482951,0.0,24
cost_aware_utility,stress,2025-06-15,1.264561954148295,0.2645619541482951,0.0,24
cost_aware_utility,stress,2025-06-16,1.264561954148295,0.2645619541482951,0.0,24
cost_aware_utility,stress,2025-06-17,1.264561954148295,0.2645619541482951,0.0,24
cost_aware_utility,stress,2025-06-18,1.264561954148295,0.2645619541482951,0.0,24
cost_aware_utility,stress,2025-06-19,1.264561954148295,0.2645619541482951,0.0,24
cost_aware_utility,stress,2025-06-20,1.264561954148295,0.2645619541482951,0.0,24
cost_aware_utility,stress,2025-06-21,1.268233183415571,0.2682331834155709,29.019787470499672,24
cost_aware_utility,stress,2025-06-22,1.2562034897249053,0.25620348972490525,-94.97875626881915,24
cost_aware_utility,stress,2025-06-23,1.2562034897249053,0.25620348972490525,0.0,24
cost_aware_utility,stress,2025-06-24,1.2562034897249053,0.25620348972490525,0.0,24
cost_aware_utility,stress,2025-06-25,1.2562034897249053,0.25620348972490525,0.0,24
cost_aware_utility,stress,2025-06-26,1.2562034897249053,0.25620348972490525,0.0,24
cost_aware_utility,stress,2025-06-27,1.2562034897249053,0.25620348972490525,0.0,24
cost_aware_utility,stress,2025-06-28,1.2562034897249053,0.25620348972490525,0.0,24
cost_aware_utility,stress,2025-06-29,1.2562034897249053,0.25620348972490525,0.0,24
cost_aware_utility_rank,base,2024-10-01,1.0,0.0,0.0,24
cost_aware_utility_rank,base,2024-10-02,1.0,0.0,0.0,24
cost_aware_utility_rank,base,2024-10-03,1.0,0.0,0.0,24
cost_aware_utility_rank,base,2024-10-04,1.0,0.0,0.0,24
cost_aware_utility_rank,base,2024-10-05,1.0,0.0,0.0,24
cost_aware_utility_rank,base,2024-10-06,1.0,0.0,0.0,24
cost_aware_utility_rank,base,2024-10-07,1.002776698811849,0.0027766988118489433,27.766988118489586,24
cost_aware_utility_rank,base,2024-10-08,1.002776698811849,0.0027766988118489433,0.0,24
cost_aware_utility_rank,base,2024-10-09,1.002776698811849,0.0027766988118489433,0.0,24
cost_aware_utility_rank,base,2024-10-10,1.002776698811849,0.0027766988118489433,0.0,24
cost_aware_utility_rank,base,2024-10-11,1.002776698811849,0.0027766988118489433,0.0,24
cost_aware_utility_rank,base,2024-10-12,1.002776698811849,0.0027766988118489433,0.0,24
cost_aware_utility_rank,base,2024-10-13,1.002776698811849,0.0027766988118489433,0.0,24
cost_aware_utility_rank,base,2024-10-14,1.002776698811849,0.0027766988118489433,0.0,24
cost_aware_utility_rank,base,2024-10-15,1.0141902800259703,0.014190280025970337,113.5695400238037,24
cost_aware_utility_rank,base,2024-10-16,1.0166100906528948,0.01661009065289476,23.94659336407979,24
cost_aware_utility_rank,base,2024-10-17,1.0166100906528948,0.01661009065289476,0.0,24
cost_aware_utility_rank,base,2024-10-18,1.0166100906528948,0.01661009065289476,0.0,24
cost_aware_utility_rank,base,2024-10-19,1.0166100906528948,0.01661009065289476,0.0,24
cost_aware_utility_rank,base,2024-10-20,1.0166100906528948,0.01661009065289476,0.0,24
cost_aware_utility_rank,base,2024-10-21,1.0166100906528948,0.01661009065289476,0.0,24
cost_aware_utility_rank,base,2024-10-22,1.0166100906528948,0.01661009065289476,0.0,24
cost_aware_utility_rank,base,2024-10-23,1.0146180576345591,0.014618057634559145,-19.587610880533852,24
cost_aware_utility_rank,base,2024-10-24,1.0161708523537163,0.016170852353716292,15.44681549072267,24
cost_aware_utility_rank,base,2024-10-25,1.0161708523537163,0.016170852353716292,0.0,24
cost_aware_utility_rank,base,2024-10-26,1.0161708523537163,0.016170852353716292,0.0,24
cost_aware_utility_rank,base,2024-10-27,1.0161708523537163,0.016170852353716292,0.0,24
cost_aware_utility_rank,base,2024-10-28,1.016094865048439,0.016094865048438933,-0.7477807998657227,24
cost_aware_utility_rank,base,2024-10-29,1.016094865048439,0.016094865048438933,0.0,24
cost_aware_utility_rank,base,2024-10-30,1.016094865048439,0.016094865048438933,0.0,24
cost_aware_utility_rank,base,2024-10-31,1.016094865048439,0.016094865048438933,0.0,24
cost_aware_utility_rank,base,2024-11-01,1.016094865048439,0.016094865048438933,0.0,24
cost_aware_utility_rank,base,2024-11-02,1.016094865048439,0.016094865048438933,0.0,24
cost_aware_utility_rank,base,2024-11-03,1.016094865048439,0.016094865048438933,0.0,24
cost_aware_utility_rank,base,2024-11-04,1.016094865048439,0.016094865048438933,0.0,24
cost_aware_utility_rank,base,2024-11-05,1.016094865048439,0.016094865048438933,0.0,24
cost_aware_utility_rank,base,2024-11-06,1.0237874891809926,0.023787489180992605,75.75054383277893,24
cost_aware_utility_rank,base,2024-11-07,1.0237874891809926,0.023787489180992605,0.0,24
cost_aware_utility_rank,base,2024-11-08,1.0237874891809926,0.023787489180992605,0.0,24
cost_aware_utility_rank,base,2024-11-09,1.0237874891809926,0.023787489180992605,0.0,24
cost_aware_utility_rank,base,2024-11-10,1.0237874891809926,0.023787489180992605,0.0,24
cost_aware_utility_rank,base,2024-11-11,1.0237874891809926,0.023787489180992605,0.0,24
cost_aware_utility_rank,base,2024-11-12,1.0242294678760908,0.024229467876090816,4.390519360701241,24
cost_aware_utility_rank,base,2024-11-13,1.0559393475526415,0.055939347552641516,318.2145608738063,24
cost_aware_utility_rank,base,2024-11-14,1.0657041784651926,0.06570417846519261,93.39696264266968,24
cost_aware_utility_rank,base,2024-11-15,1.0657041784651926,0.06570417846519261,0.0,24
cost_aware_utility_rank,base,2024-11-16,1.0657041784651926,0.06570417846519261,0.0,24
cost_aware_utility_rank,base,2024-11-17,1.0657041784651926,0.06570417846519261,0.0,24
cost_aware_utility_rank,base,2024-11-18,1.0675018715782756,0.06750187157827559,17.186305046081536,24
cost_aware_utility_rank,base,2024-11-19,1.0650348918061374,0.06503489180613742,-23.116880416870114,24
cost_aware_utility_rank,base,2024-11-20,1.0650348918061374,0.06503489180613742,0.0,24
cost_aware_utility_rank,base,2024-11-21,1.0767356749492407,0.07673567494924072,110.06804537773131,24
cost_aware_utility_rank,base,2024-11-22,1.0756857259199955,0.07568572591999545,-8.520887692769364,24
cost_aware_utility_rank,base,2024-11-23,1.0756857259199955,0.07568572591999545,0.0,24
cost_aware_utility_rank,base,2024-11-24,1.0756857259199955,0.07568572591999545,0.0,24
cost_aware_utility_rank,base,2024-11-25,1.0790993265502067,0.07909932655020668,31.734181722005207,24
cost_aware_utility_rank,base,2024-11-26,1.0824220052045936,0.08242200520459364,31.841130018234253,24
cost_aware_utility_rank,base,2024-11-27,1.1180804302648688,0.11808043026486881,325.25076278050744,24
cost_aware_utility_rank,base,2024-11-28,1.1180804302648688,0.11808043026486881,0.0,24
cost_aware_utility_rank,base,2024-11-29,1.1180804302648688,0.11808043026486881,0.0,24
cost_aware_utility_rank,base,2024-11-30,1.1180804302648688,0.11808043026486881,0.0,24
cost_aware_utility_rank,base,2024-12-01,1.1180804302648688,0.11808043026486881,0.0,24
cost_aware_utility_rank,base,2024-12-02,1.1180804302648688,0.11808043026486881,0.0,24
cost_aware_utility_rank,base,2024-12-03,1.1180804302648688,0.11808043026486881,0.0,24
cost_aware_utility_rank,base,2024-12-04,1.1180804302648688,0.11808043026486881,0.0,24
cost_aware_utility_rank,base,2024-12-05,1.1227246654960952,0.12272466549609518,41.537577311197914,24
cost_aware_utility_rank,base,2024-12-06,1.1261078543467926,0.1261078543467926,30.97166038552921,24
cost_aware_utility_rank,base,2024-12-07,1.1261078543467926,0.1261078543467926,0.0,24
cost_aware_utility_rank,base,2024-12-08,1.1261078543467926,0.1261078543467926,0.0,24
cost_aware_utility_rank,base,2024-12-09,1.1230897395729011,0.12308973957290115,-26.817728281021118,24
cost_aware_utility_rank,base,2024-12-10,1.1177048600165373,0.11770486001653735,-45.23018932342527,24
cost_aware_utility_rank,base,2024-12-11,1.148647012909249,0.14864701290924898,274.0612978935242,24
cost_aware_utility_rank,base,2024-12-12,1.148647012909249,0.14864701290924898,0.0,24
cost_aware_utility_rank,base,2024-12-13,1.148647012909249,0.14864701290924898,0.0,24
cost_aware_utility_rank,base,2024-12-14,1.148647012909249,0.14864701290924898,0.0,24
cost_aware_utility_rank,base,2024-12-15,1.148647012909249,0.14864701290924898,0.0,24
cost_aware_utility_rank,base,2024-12-16,1.148647012909249,0.14864701290924898,0.0,24
cost_aware_utility_rank,base,2024-12-17,1.148647012909249,0.14864701290924898,0.0,24
cost_aware_utility_rank,base,2024-12-18,1.1420714864834143,0.14207148648341428,-57.162058035532624,24
cost_aware_utility_rank,base,2024-12-19,1.1188535009939677,0.11885350099396774,-201.83579858144125,24
cost_aware_utility_rank,base,2024-12-20,1.1728985638208969,0.17289856382089686,479.62554868062335,24
cost_aware_utility_rank,base,2024-12-21,1.1728321672460276,0.17283216724602757,-0.24931844075521248,24
cost_aware_utility_rank,base,2024-12-22,1.1728321672460276,0.17283216724602757,0.0,24
cost_aware_utility_rank,base,2024-12-23,1.1728321672460276,0.17283216724602757,0.0,24
cost_aware_utility_rank,base,2024-12-24,1.1728321672460276,0.17283216724602757,0.0,24
cost_aware_utility_rank,base,2024-12-25,1.1728321672460276,0.17283216724602757,0.0,24
cost_aware_utility_rank,base,2024-12-26,1.1728321672460276,0.17283216724602757,0.0,24
cost_aware_utility_rank,base,2024-12-27,1.1728321672460276,0.17283216724602757,0.0,24
cost_aware_utility_rank,base,2024-12-28,1.1728321672460276,0.17283216724602757,0.0,24
cost_aware_utility_rank,base,2024-12-29,1.1728321672460276,0.17283216724602757,0.0,24
cost_aware_utility_rank,base,2024-12-30,1.1728321672460276,0.17283216724602757,0.0,24
cost_aware_utility_rank,base,2024-12-31,1.1728321672460276,0.17283216724602757,0.0,24
cost_aware_utility_rank,base,2025-01-01,1.1728321672460276,0.17283216724602757,0.0,24
cost_aware_utility_rank,base,2025-01-02,1.1728321672460276,0.17283216724602757,0.0,24
cost_aware_utility_rank,base,2025-01-03,1.1728321672460276,0.17283216724602757,0.0,24
cost_aware_utility_rank,base,2025-01-04,1.1728321672460276,0.17283216724602757,0.0,24
cost_aware_utility_rank,base,2025-01-05,1.1728321672460276,0.17283216724602757,0.0,24
cost_aware_utility_rank,base,2025-01-06,1.1728321672460276,0.17283216724602757,0.0,24
cost_aware_utility_rank,base,2025-01-07,1.1728321672460276,0.17283216724602757,0.0,24
cost_aware_utility_rank,base,2025-01-08,1.1671936080813357,0.16719360808133565,-47.888429641723626,24
cost_aware_utility_rank,base,2025-01-09,1.1683824577350899,0.16838245773508986,10.198513031005861,24
cost_aware_utility_rank,base,2025-01-10,1.1683824577350899,0.16838245773508986,0.0,24
cost_aware_utility_rank,base,2025-01-11,1.1683824577350899,0.16838245773508986,0.0,24
cost_aware_utility_rank,base,2025-01-12,1.1683824577350899,0.16838245773508986,0.0,24
cost_aware_utility_rank,base,2025-01-13,1.1952539051167939,0.19525390511679386,230.56348029772442,24
cost_aware_utility_rank,base,2025-01-14,1.2136697429758982,0.21366974297589825,153.88002785046896,24
cost_aware_utility_rank,base,2025-01-15,1.2136697429758982,0.21366974297589825,0.0,24
cost_aware_utility_rank,base,2025-01-16,1.2179479379026674,0.21794793790266742,35.615928649902344,24
cost_aware_utility_rank,base,2025-01-17,1.2310669114904969,0.23106691149049685,107.63343811035156,24
cost_aware_utility_rank,base,2025-01-18,1.2342435956913278,0.2342435956913278,28.34833717346191,24
cost_aware_utility_rank,base,2025-01-19,1.275440149401248,0.27544014940124795,336.4322900772095,24
cost_aware_utility_rank,base,2025-01-20,1.2678543930068087,0.2678543930068087,-52.43084987004596,24
cost_aware_utility_rank,base,2025-01-21,1.3217862820856394,0.3217862820856394,422.261187667648,24
cost_aware_utility_rank,base,2025-01-22,1.3131144964512627,0.31311449645126266,-63.30341939131415,24
cost_aware_utility_rank,base,2025-01-23,1.3098040650419698,0.3098040650419698,-25.05103556315104,24
cost_aware_utility_rank,base,2025-01-24,1.3098040650419698,0.3098040650419698,0.0,24
cost_aware_utility_rank,base,2025-01-25,1.3098040650419698,0.3098040650419698,0.0,24
cost_aware_utility_rank,base,2025-01-26,1.3098040650419698,0.3098040650419698,0.0,24
cost_aware_utility_rank,base,2025-01-27,1.3397092774929604,0.3397092774929604,229.86199780305228,24
cost_aware_utility_rank,base,2025-01-28,1.3491514952316033,0.34915149523160327,70.65260510146618,24
cost_aware_utility_rank,base,2025-01-29,1.3491514952316033,0.34915149523160327,0.0,24
cost_aware_utility_rank,base,2025-01-30,1.3491514952316033,0.34915149523160327,0.0,24
cost_aware_utility_rank,base,2025-01-31,1.3491514952316033,0.34915149523160327,0.0,24
cost_aware_utility_rank,base,2025-02-01,1.3491514952316033,0.34915149523160327,0.0,24
cost_aware_utility_rank,base,2025-02-02,1.3370107185166926,0.3370107185166926,-87.67172368367513,24
cost_aware_utility_rank,base,2025-02-03,1.2390229238798847,0.23902292387988466,-731.773532907168,24
cost_aware_utility_rank,base,2025-02-04,1.246267506198549,0.2462675061985491,63.71568163235993,24
cost_aware_utility_rank,base,2025-02-05,1.2507481650206853,0.2507481650206853,36.565938393274955,24
cost_aware_utility_rank,base,2025-02-06,1.2457033383575125,0.24570333835751246,-39.78443387150765,24
cost_aware_utility_rank,base,2025-02-07,1.2559556082383834,0.25595560823838337,82.58195845286053,24
cost_aware_utility_rank,base,2025-02-08,1.2559556082383834,0.25595560823838337,0.0,24
cost_aware_utility_rank,base,2025-02-09,1.2738260938056265,0.2738260938056265,142.2859649658203,24
cost_aware_utility_rank,base,2025-02-10,1.2680513525613493,0.26805135256134927,-44.4899605512619,24
cost_aware_utility_rank,base,2025-02-11,1.2780642536114735,0.27806425361147347,78.95751766363779,24
cost_aware_utility_rank,base,2025-02-12,1.2863111611126852,0.2863111611126852,64.56955432891846,24
cost_aware_utility_rank,base,2025-02-13,1.2863111611126852,0.2863111611126852,0.0,24
cost_aware_utility_rank,base,2025-02-14,1.2863111611126852,0.2863111611126852,0.0,24
cost_aware_utility_rank,base,2025-02-15,1.2863111611126852,0.2863111611126852,0.0,24
cost_aware_utility_rank,base,2025-02-16,1.2851757080829933,0.2851757080829933,-8.827203432718912,24
cost_aware_utility_rank,base,2025-02-17,1.3170787521141551,0.31707875211415515,246.10429255167645,24
cost_aware_utility_rank,base,2025-02-18,1.3121783684974995,0.31217836849749947,-35.28345012664789,24
cost_aware_utility_rank,base,2025-02-19,1.3110646541661741,0.3110646541661741,-7.994798024495431,24
cost_aware_utility_rank,base,2025-02-20,1.3110646541661741,0.3110646541661741,0.0,24
cost_aware_utility_rank,base,2025-02-21,1.3110646541661741,0.3110646541661741,0.0,24
cost_aware_utility_rank,base,2025-02-22,1.3110646541661741,0.3110646541661741,0.0,24
cost_aware_utility_rank,base,2025-02-23,1.3110646541661741,0.3110646541661741,0.0,24
cost_aware_utility_rank,base,2025-02-24,1.2820122154834208,0.2820122154834208,-222.18747711181638,24
cost_aware_utility_rank,base,2025-02-25,1.2864573289667127,0.2864573289667127,37.87400446335477,24
cost_aware_utility_rank,base,2025-02-26,1.295506839903523,0.295506839903523,71.69056034088132,24
cost_aware_utility_rank,base,2025-02-27,1.295506839903523,0.295506839903523,0.0,24
cost_aware_utility_rank,base,2025-02-28,1.3769110853930364,0.3769110853930364,617.4409046967824,24
cost_aware_utility_rank,base,2025-03-01,1.3582019231060138,0.35820192310601384,-134.87487347920737,24
cost_aware_utility_rank,base,2025-03-02,1.3012506522973972,0.3012506522973972,-424.63982582092285,24
cost_aware_utility_rank,base,2025-03-03,1.2492133587140068,0.24921335871400685,-398.11008230845135,24
cost_aware_utility_rank,base,2025-03-04,1.2636276045525305,0.26362760455253054,130.60423040390015,24
cost_aware_utility_rank,base,2025-03-05,1.2534972436526481,0.25349724365264814,-77.60758622487388,24
cost_aware_utility_rank,base,2025-03-06,1.2358095757544008,0.23580957575440076,-141.07722441355386,24
cost_aware_utility_rank,base,2025-03-07,1.2710421638946774,0.2710421638946774,285.8811267614364,24
cost_aware_utility_rank,base,2025-03-08,1.2659046350397307,0.2659046350397307,-40.26270993550618,24
cost_aware_utility_rank,base,2025-03-09,1.2583470209428436,0.25834702094284356,-59.33960278828939,24
cost_aware_utility_rank,base,2025-03-10,1.2135995773271908,0.21359957732719081,-349.30464911460865,24
cost_aware_utility_rank,base,2025-03-11,1.2293726368590616,0.22937263685906162,139.00935375690463,24
cost_aware_utility_rank,base,2025-03-12,1.219696584341241,0.21969658434124106,-78.23107584317526,24
cost_aware_utility_rank,base,2025-03-13,1.219696584341241,0.21969658434124106,0.0,24
cost_aware_utility_rank,base,2025-03-14,1.2164717561774299,0.21647175617742986,-26.129090627034508,24
cost_aware_utility_rank,base,2025-03-15,1.2164717561774299,0.21647175617742986,0.0,24
cost_aware_utility_rank,base,2025-03-16,1.2164717561774299,0.21647175617742986,0.0,24
cost_aware_utility_rank,base,2025-03-17,1.2164717561774299,0.21647175617742986,0.0,24
cost_aware_utility_rank,base,2025-03-18,1.2164717561774299,0.21647175617742986,0.0,24
cost_aware_utility_rank,base,2025-03-19,1.2164717561774299,0.21647175617742986,0.0,24
cost_aware_utility_rank,base,2025-03-20,1.2164717561774299,0.21647175617742986,0.0,24
cost_aware_utility_rank,base,2025-03-21,1.2164717561774299,0.21647175617742986,0.0,24
cost_aware_utility_rank,base,2025-03-22,1.2164717561774299,0.21647175617742986,0.0,24
cost_aware_utility_rank,base,2025-03-23,1.2164717561774299,0.21647175617742986,0.0,24
cost_aware_utility_rank,base,2025-03-24,1.2164717561774299,0.21647175617742986,0.0,24
cost_aware_utility_rank,base,2025-03-25,1.2164717561774299,0.21647175617742986,0.0,24
cost_aware_utility_rank,base,2025-03-26,1.2164717561774299,0.21647175617742986,0.0,24
cost_aware_utility_rank,base,2025-03-27,1.2164717561774299,0.21647175617742986,0.0,24
cost_aware_utility_rank,base,2025-03-28,1.2164717561774299,0.21647175617742986,0.0,24
cost_aware_utility_rank,base,2025-03-29,1.2164717561774299,0.21647175617742986,0.0,24
cost_aware_utility_rank,base,2025-03-30,1.2164717561774299,0.21647175617742986,0.0,24
cost_aware_utility_rank,base,2025-03-31,1.2113364728604832,0.21133647286048318,-42.23192008336385,24
cost_aware_utility_rank,base,2025-04-01,1.2149560840266644,0.21495608402666444,29.87815729777018,24
cost_aware_utility_rank,base,2025-04-02,1.2143346282241307,0.21433462822413074,-5.115047454833984,24
cost_aware_utility_rank,base,2025-04-03,1.2370163241775536,0.23701632417755358,188.15360673268637,24
cost_aware_utility_rank,base,2025-04-04,1.2316469250479924,0.23164692504799245,-43.40604909261067,24
cost_aware_utility_rank,base,2025-04-05,1.2316469250479924,0.23164692504799245,0.0,24
cost_aware_utility_rank,base,2025-04-06,1.1997905138944174,0.19979051389441738,-260.68432044982904,24
cost_aware_utility_rank,base,2025-04-07,1.1908737946482464,0.1908737946482464,-52.031189262866874,24
cost_aware_utility_rank,base,2025-04-08,1.2192707531264109,0.21927075312641087,237.7682371139526,24
cost_aware_utility_rank,base,2025-04-09,1.2371351891666154,0.23713518916661536,152.04048728942868,24
cost_aware_utility_rank,base,2025-04-10,1.2245684850493177,0.2245684850493177,-100.83010320862135,24
cost_aware_utility_rank,base,2025-04-11,1.2394266992856378,0.23942669928563776,120.97870127360025,24
cost_aware_utility_rank,base,2025-04-12,1.2394266992856378,0.23942669928563776,0.0,24
cost_aware_utility_rank,base,2025-04-13,1.2450664021986846,0.24506640219868459,45.58392333984375,24
cost_aware_utility_rank,base,2025-04-14,1.2681787510270004,0.2681787510270004,186.3382789293925,24
cost_aware_utility_rank,base,2025-04-15,1.2681787510270004,0.2681787510270004,0.0,24
cost_aware_utility_rank,base,2025-04-16,1.2765692957964532,0.2765692957964532,66.49143854777019,24
cost_aware_utility_rank,base,2025-04-17,1.2857252312512633,0.28572523125126326,71.80428123474121,24
cost_aware_utility_rank,base,2025-04-18,1.2857252312512633,0.28572523125126326,0.0,24
cost_aware_utility_rank,base,2025-04-19,1.2857252312512633,0.28572523125126326,0.0,24
cost_aware_utility_rank,base,2025-04-20,1.2857252312512633,0.28572523125126326,0.0,24
cost_aware_utility_rank,base,2025-04-21,1.2857252312512633,0.28572523125126326,0.0,24
cost_aware_utility_rank,base,2025-04-22,1.2817001132523171,0.28170011325231714,-31.239600499471024,24
cost_aware_utility_rank,base,2025-04-23,1.2817001132523171,0.28170011325231714,0.0,24
cost_aware_utility_rank,base,2025-04-24,1.2817001132523171,0.28170011325231714,0.0,24
cost_aware_utility_rank,base,2025-04-25,1.2817001132523171,0.28170011325231714,0.0,24
cost_aware_utility_rank,base,2025-04-26,1.2817001132523171,0.28170011325231714,0.0,24
cost_aware_utility_rank,base,2025-04-27,1.2817001132523171,0.28170011325231714,0.0,24
cost_aware_utility_rank,base,2025-04-28,1.2817001132523171,0.28170011325231714,0.0,24
cost_aware_utility_rank,base,2025-04-29,1.2817001132523171,0.28170011325231714,0.0,24
cost_aware_utility_rank,base,2025-04-30,1.2817001132523171,0.28170011325231714,0.0,24
cost_aware_utility_rank,base,2025-05-01,1.2817001132523171,0.28170011325231714,0.0,24
cost_aware_utility_rank,base,2025-05-02,1.2817001132523171,0.28170011325231714,0.0,24
cost_aware_utility_rank,base,2025-05-03,1.2817001132523171,0.28170011325231714,0.0,24
cost_aware_utility_rank,base,2025-05-04,1.2817001132523171,0.28170011325231714,0.0,24
cost_aware_utility_rank,base,2025-05-05,1.2817001132523171,0.28170011325231714,0.0,24
cost_aware_utility_rank,base,2025-05-06,1.2817001132523171,0.28170011325231714,0.0,24
cost_aware_utility_rank,base,2025-05-07,1.2817001132523171,0.28170011325231714,0.0,24
cost_aware_utility_rank,base,2025-05-08,1.2817001132523171,0.28170011325231714,0.0,24
cost_aware_utility_rank,base,2025-05-09,1.2817001132523171,0.28170011325231714,0.0,24
cost_aware_utility_rank,base,2025-05-10,1.2817001132523171,0.28170011325231714,0.0,24
cost_aware_utility_rank,base,2025-05-11,1.2817001132523171,0.28170011325231714,0.0,24
cost_aware_utility_rank,base,2025-05-12,1.2817001132523171,0.28170011325231714,0.0,24
cost_aware_utility_rank,base,2025-05-13,1.2923990167735582,0.2923990167735582,83.40576314926147,24
cost_aware_utility_rank,base,2025-05-14,1.2914089115294118,0.29140891152941184,-7.444913228352867,24
cost_aware_utility_rank,base,2025-05-15,1.2903173016899523,0.2903173016899523,-7.741432030995691,24
cost_aware_utility_rank,base,2025-05-16,1.2903173016899523,0.2903173016899523,0.0,24
cost_aware_utility_rank,base,2025-05-17,1.2903173016899523,0.2903173016899523,0.0,24
cost_aware_utility_rank,base,2025-05-18,1.2615369828771654,0.2615369828771654,-222.7191638946533,24
cost_aware_utility_rank,base,2025-05-19,1.2576406092751182,0.2576406092751182,-29.735634167989097,24
cost_aware_utility_rank,base,2025-05-20,1.2576406092751182,0.2576406092751182,0.0,24
cost_aware_utility_rank,base,2025-05-21,1.277789024910563,0.277789024910563,161.26447216669715,24
cost_aware_utility_rank,base,2025-05-22,1.302302234727646,0.30230223472764606,191.6069489320119,24
cost_aware_utility_rank,base,2025-05-23,1.3088676865541287,0.30886768655412866,50.55682045221329,24
cost_aware_utility_rank,base,2025-05-24,1.3098908816919907,0.30989088169199075,7.817406972249349,24
cost_aware_utility_rank,base,2025-05-25,1.3098908816919907,0.30989088169199075,0.0,24
cost_aware_utility_rank,base,2025-05-26,1.3098908816919907,0.30989088169199075,0.0,24
cost_aware_utility_rank,base,2025-05-27,1.3098908816919907,0.30989088169199075,0.0,24
cost_aware_utility_rank,base,2025-05-28,1.3098908816919907,0.30989088169199075,0.0,24
cost_aware_utility_rank,base,2025-05-29,1.3098908816919907,0.30989088169199075,0.0,24
cost_aware_utility_rank,base,2025-05-30,1.3098908816919907,0.30989088169199075,0.0,24
cost_aware_utility_rank,base,2025-05-31,1.3098908816919907,0.30989088169199075,0.0,24
cost_aware_utility_rank,base,2025-06-01,1.3098908816919907,0.30989088169199075,0.0,24
cost_aware_utility_rank,base,2025-06-02,1.3098908816919907,0.30989088169199075,0.0,24
cost_aware_utility_rank,base,2025-06-03,1.3098908816919907,0.30989088169199075,0.0,24
cost_aware_utility_rank,base,2025-06-04,1.3098908816919907,0.30989088169199075,0.0,24
cost_aware_utility_rank,base,2025-06-05,1.3177118809673873,0.31771188096738734,59.78556903203328,24
cost_aware_utility_rank,base,2025-06-06,1.337127208930997,0.3371272089309969,146.50754968325296,24
cost_aware_utility_rank,base,2025-06-07,1.337127208930997,0.3371272089309969,0.0,24
cost_aware_utility_rank,base,2025-06-08,1.337127208930997,0.3371272089309969,0.0,24
cost_aware_utility_rank,base,2025-06-09,1.337127208930997,0.3371272089309969,0.0,24
cost_aware_utility_rank,base,2025-06-10,1.337127208930997,0.3371272089309969,0.0,24
cost_aware_utility_rank,base,2025-06-11,1.337127208930997,0.3371272089309969,0.0,24
cost_aware_utility_rank,base,2025-06-12,1.337127208930997,0.3371272089309969,0.0,24
cost_aware_utility_rank,base,2025-06-13,1.3389264154426943,0.3389264154426943,14.50678618748983,24
cost_aware_utility_rank,base,2025-06-14,1.3389264154426943,0.3389264154426943,0.0,24
cost_aware_utility_rank,base,2025-06-15,1.3389264154426943,0.3389264154426943,0.0,24
cost_aware_utility_rank,base,2025-06-16,1.3389264154426943,0.3389264154426943,0.0,24
cost_aware_utility_rank,base,2025-06-17,1.3389264154426943,0.3389264154426943,0.0,24
cost_aware_utility_rank,base,2025-06-18,1.3389264154426943,0.3389264154426943,0.0,24
cost_aware_utility_rank,base,2025-06-19,1.3389264154426943,0.3389264154426943,0.0,24
cost_aware_utility_rank,base,2025-06-20,1.3389264154426943,0.3389264154426943,0.0,24
cost_aware_utility_rank,base,2025-06-21,1.3521391827378086,0.35213918273780864,98.4510720570882,24
cost_aware_utility_rank,base,2025-06-22,1.3062748438341152,0.3062748438341152,-340.10942129790783,24
cost_aware_utility_rank,base,2025-06-23,1.3107832783688074,0.31078327836880737,34.53155239423116,24
cost_aware_utility_rank,base,2025-06-24,1.3107832783688074,0.31078327836880737,0.0,24
cost_aware_utility_rank,base,2025-06-25,1.3107832783688074,0.31078327836880737,0.0,24
cost_aware_utility_rank,base,2025-06-26,1.3107832783688074,0.31078327836880737,0.0,24
cost_aware_utility_rank,base,2025-06-27,1.3107832783688074,0.31078327836880737,0.0,24
cost_aware_utility_rank,base,2025-06-28,1.3107832783688074,0.31078327836880737,0.0,24
cost_aware_utility_rank,base,2025-06-29,1.3107832783688074,0.31078327836880737,0.0,24
cost_aware_utility_rank,stress,2024-10-01,1.0,0.0,0.0,24
cost_aware_utility_rank,stress,2024-10-02,1.0,0.0,0.0,24
cost_aware_utility_rank,stress,2024-10-03,1.0,0.0,0.0,24
cost_aware_utility_rank,stress,2024-10-04,1.0,0.0,0.0,24
cost_aware_utility_rank,stress,2024-10-05,1.0,0.0,0.0,24
cost_aware_utility_rank,stress,2024-10-06,1.0,0.0,0.0,24
cost_aware_utility_rank,stress,2024-10-07,1.002376698811849,0.0023766988118489873,23.76698811848958,24
cost_aware_utility_rank,stress,2024-10-08,1.002376698811849,0.0023766988118489873,0.0,24
cost_aware_utility_rank,stress,2024-10-09,1.002376698811849,0.0023766988118489873,0.0,24
cost_aware_utility_rank,stress,2024-10-10,1.002376698811849,0.0023766988118489873,0.0,24
cost_aware_utility_rank,stress,2024-10-11,1.002376698811849,0.0023766988118489873,0.0,24
cost_aware_utility_rank,stress,2024-10-12,1.002376698811849,0.0023766988118489873,0.0,24
cost_aware_utility_rank,stress,2024-10-13,1.002376698811849,0.0023766988118489873,0.0,24
cost_aware_utility_rank,stress,2024-10-14,1.002376698811849,0.0023766988118489873,0.0,24
cost_aware_utility_rank,stress,2024-10-15,1.0135836413498445,0.013583641349844466,111.56954002380371,24
cost_aware_utility_rank,stress,2024-10-16,1.0159343433270465,0.015934343327046463,23.279926697413124,24
cost_aware_utility_rank,stress,2024-10-17,1.0159343433270465,0.015934343327046463,0.0,24
cost_aware_utility_rank,stress,2024-10-18,1.0159343433270465,0.015934343327046463,0.0,24
cost_aware_utility_rank,stress,2024-10-19,1.0159343433270465,0.015934343327046463,0.0,24
cost_aware_utility_rank,stress,2024-10-20,1.0159343433270465,0.015934343327046463,0.0,24
cost_aware_utility_rank,stress,2024-10-21,1.0159343433270465,0.015934343327046463,0.0,24
cost_aware_utility_rank,stress,2024-10-22,1.0159343433270465,0.015934343327046463,0.0,24
cost_aware_utility_rank,stress,2024-10-23,1.0138758839141118,0.013875883914111764,-20.25427754720052,24
cost_aware_utility_rank,stress,2024-10-24,1.0153598064985054,0.015359806498505435,14.780148824056004,24
cost_aware_utility_rank,stress,2024-10-25,1.0153598064985054,0.015359806498505435,0.0,24
cost_aware_utility_rank,stress,2024-10-26,1.0153598064985054,0.015359806498505435,0.0,24
cost_aware_utility_rank,stress,2024-10-27,1.0153598064985054,0.015359806498505435,0.0,24
cost_aware_utility_rank,stress,2024-10-28,1.0151484985341468,0.015148498534146793,-2.0811141331990557,24
cost_aware_utility_rank,stress,2024-10-29,1.0151484985341468,0.015148498534146793,0.0,24
cost_aware_utility_rank,stress,2024-10-30,1.0151484985341468,0.015148498534146793,0.0,24
cost_aware_utility_rank,stress,2024-10-31,1.0151484985341468,0.015148498534146793,0.0,24
cost_aware_utility_rank,stress,2024-11-01,1.0151484985341468,0.015148498534146793,0.0,24
cost_aware_utility_rank,stress,2024-11-02,1.0151484985341468,0.015148498534146793,0.0,24
cost_aware_utility_rank,stress,2024-11-03,1.0151484985341468,0.015148498534146793,0.0,24
cost_aware_utility_rank,stress,2024-11-04,1.0151484985341468,0.015148498534146793,0.0,24
cost_aware_utility_rank,stress,2024-11-05,1.0151484985341468,0.015148498534146793,0.0,24
cost_aware_utility_rank,stress,2024-11-06,1.0226979103072393,0.022697910307239333,74.41721049944559,24
cost_aware_utility_rank,stress,2024-11-07,1.0226979103072393,0.022697910307239333,0.0,24
cost_aware_utility_rank,stress,2024-11-08,1.0226979103072393,0.022697910307239333,0.0,24
cost_aware_utility_rank,stress,2024-11-09,1.0226979103072393,0.022697910307239333,0.0,24
cost_aware_utility_rank,stress,2024-11-10,1.0226979103072393,0.022697910307239333,0.0,24
cost_aware_utility_rank,stress,2024-11-11,1.0226979103072393,0.022697910307239333,0.0,24
cost_aware_utility_rank,stress,2024-11-12,1.023003129422574,0.023003129422574098,3.057186027367905,24
cost_aware_utility_rank,stress,2024-11-13,1.0543247652631818,0.05432476526318175,314.88122754047305,24
cost_aware_utility_rank,stress,2024-11-14,1.0634374987188708,0.06343749871887083,87.39696264266968,24
cost_aware_utility_rank,stress,2024-11-15,1.0634374987188708,0.06343749871887083,0.0,24
cost_aware_utility_rank,stress,2024-11-16,1.0634374987188708,0.06343749871887083,0.0,24
cost_aware_utility_rank,stress,2024-11-17,1.0634374987188708,0.06343749871887083,0.0,24
cost_aware_utility_rank,stress,2024-11-18,1.0651606693798406,0.06516066937984055,16.51963837941488,24
cost_aware_utility_rank,stress,2024-11-19,1.0626281150040309,0.06262811500403087,-23.78354708353678,24
cost_aware_utility_rank,stress,2024-11-20,1.0626281150040309,0.06262811500403087,0.0,24
cost_aware_utility_rank,stress,2024-11-21,1.0741599153939485,0.0741599153939485,108.73471204439797,24
cost_aware_utility_rank,stress,2024-11-22,1.0729694685049003,0.07296946850490027,-9.8542210261027,24
cost_aware_utility_rank,stress,2024-11-23,1.0729694685049003,0.07296946850490027,0.0,24
cost_aware_utility_rank,stress,2024-11-24,1.0729694685049003,0.07296946850490027,0.0,24
cost_aware_utility_rank,stress,2024-11-25,1.0762313867186695,0.07623138671866947,30.400848388671875,24
cost_aware_utility_rank,stress,2024-11-26,1.0794008297301778,0.07940082973017781,30.50779668490091,24
cost_aware_utility_rank,stress,2024-11-27,1.1148115712329483,0.11481157123294827,323.9174294471741,24
cost_aware_utility_rank,stress,2024-11-28,1.1148115712329483,0.11481157123294827,0.0,24
cost_aware_utility_rank,stress,2024-11-29,1.1148115712329483,0.11481157123294827,0.0,24
cost_aware_utility_rank,stress,2024-11-30,1.1148115712329483,0.11481157123294827,0.0,24
cost_aware_utility_rank,stress,2024-12-01,1.1148115712329483,0.11481157123294827,0.0,24
cost_aware_utility_rank,stress,2024-12-02,1.1148115712329483,0.11481157123294827,0.0,24
cost_aware_utility_rank,stress,2024-12-03,1.1148115712329483,0.11481157123294827,0.0,24
cost_aware_utility_rank,stress,2024-12-04,1.1148115712329483,0.11481157123294827,0.0,24
cost_aware_utility_rank,stress,2024-12-05,1.1192935868728677,0.11929358687286773,40.20424397786458,24
cost_aware_utility_rank,stress,2024-12-06,1.1225167241489074,0.12251672414890735,29.638327052195876,24
cost_aware_utility_rank,stress,2024-12-07,1.1225167241489074,0.12251672414890735,0.0,24
cost_aware_utility_rank,stress,2024-12-08,1.1225167241489074,0.12251672414890735,0.0,24
cost_aware_utility_rank,stress,2024-12-09,1.1193588247008657,0.11935882470086567,-28.151061614354454,24
cost_aware_utility_rank,stress,2024-12-10,1.113843343635831,0.11384334363583104,-46.56352265675862,24
cost_aware_utility_rank,stress,2024-12-11,1.1443747583920243,0.1443747583920243,271.3946312268575,24
cost_aware_utility_rank,stress,2024-12-12,1.1443747583920243,0.1443747583920243,0.0,24
cost_aware_utility_rank,stress,2024-12-13,1.1443747583920243,0.1443747583920243,0.0,24
cost_aware_utility_rank,stress,2024-12-14,1.1443747583920243,0.1443747583920243,0.0,24
cost_aware_utility_rank,stress,2024-12-15,1.1443747583920243,0.1443747583920243,0.0,24
cost_aware_utility_rank,stress,2024-12-16,1.1443747583920243,0.1443747583920243,0.0,24
cost_aware_utility_rank,stress,2024-12-17,1.1443747583920243,0.1443747583920243,0.0,24
cost_aware_utility_rank,stress,2024-12-18,1.1376723774983117,0.13767237749831174,-58.49539136886596,24
cost_aware_utility_rank,stress,2024-12-19,1.1141726336506563,0.11417263365065633,-205.16913191477465,24
cost_aware_utility_rank,stress,2024-12-20,1.1676772776750939,0.16767727767509388,476.95888201395667,24
cost_aware_utility_rank,stress,2024-12-21,1.1675332257294102,0.1675332257294102,-0.9159851074218786,24
cost_aware_utility_rank,stress,2024-12-22,1.1675332257294102,0.1675332257294102,0.0,24
cost_aware_utility_rank,stress,2024-12-23,1.1675332257294102,0.1675332257294102,0.0,24
cost_aware_utility_rank,stress,2024-12-24,1.1675332257294102,0.1675332257294102,0.0,24
cost_aware_utility_rank,stress,2024-12-25,1.1675332257294102,0.1675332257294102,0.0,24
cost_aware_utility_rank,stress,2024-12-26,1.1675332257294102,0.1675332257294102,0.0,24
cost_aware_utility_rank,stress,2024-12-27,1.1675332257294102,0.1675332257294102,0.0,24
cost_aware_utility_rank,stress,2024-12-28,1.1675332257294102,0.1675332257294102,0.0,24
cost_aware_utility_rank,stress,2024-12-29,1.1675332257294102,0.1675332257294102,0.0,24
cost_aware_utility_rank,stress,2024-12-30,1.1675332257294102,0.1675332257294102,0.0,24
cost_aware_utility_rank,stress,2024-12-31,1.1675332257294102,0.1675332257294102,0.0,24
cost_aware_utility_rank,stress,2025-01-01,1.1675332257294102,0.1675332257294102,0.0,24
cost_aware_utility_rank,stress,2025-01-02,1.1675332257294102,0.1675332257294102,0.0,24
cost_aware_utility_rank,stress,2025-01-03,1.1675332257294102,0.1675332257294102,0.0,24
cost_aware_utility_rank,stress,2025-01-04,1.1675332257294102,0.1675332257294102,0.0,24
cost_aware_utility_rank,stress,2025-01-05,1.1675332257294102,0.1675332257294102,0.0,24
cost_aware_utility_rank,stress,2025-01-06,1.1675332257294102,0.1675332257294102,0.0,24
cost_aware_utility_rank,stress,2025-01-07,1.1675332257294102,0.1675332257294102,0.0,24
cost_aware_utility_rank,stress,2025-01-08,1.161842428071596,0.161842428071596,-48.55509630839031,24
cost_aware_utility_rank,stress,2025-01-09,1.1629482215283153,0.16294822152831534,9.531846364339195,24
cost_aware_utility_rank,stress,2025-01-10,1.1629482215283153,0.16294822152831534,0.0,24
cost_aware_utility_rank,stress,2025-01-11,1.1629482215283153,0.16294822152831534,0.0,24
cost_aware_utility_rank,stress,2025-01-12,1.1629482215283153,0.16294822152831534,0.0,24
cost_aware_utility_rank,stress,2025-01-13,1.189378020603369,0.18937802060336906,227.89681363105774,24
cost_aware_utility_rank,stress,2025-01-14,1.2075422348048608,0.20754223480486078,152.54669451713565,24
cost_aware_utility_rank,stress,2025-01-15,1.2075422348048608,0.20754223480486078,0.0,24
cost_aware_utility_rank,stress,2025-01-16,1.2117184620213952,0.21171846202139522,34.94926198323567,24
cost_aware_utility_rank,stress,2025-01-17,1.2246885358932205,0.22468853589322046,106.9667714436849,24
cost_aware_utility_rank,stress,2025-01-18,1.2276865071475542,0.22768650714755423,27.015003840128585,24
cost_aware_utility_rank,stress,2025-01-19,1.2682436750102826,0.26824367501028257,333.09895674387616,24
cost_aware_utility_rank,stress,2025-01-20,1.260279467742914,0.2602794677429141,-55.764183203379304,24
cost_aware_utility_rank,stress,2025-01-21,1.313541903642033,0.31354190364203305,419.5945210009814,24
cost_aware_utility_rank,stress,2025-01-22,1.3044014583837693,0.3044014583837693,-67.3034193913142,24
cost_aware_utility_rank,stress,2025-01-23,1.3009392959247874,0.3009392959247874,-26.38436889648438,24
cost_aware_utility_rank,stress,2025-01-24,1.3009392959247874,0.3009392959247874,0.0,24
cost_aware_utility_rank,stress,2025-01-25,1.3009392959247874,0.3009392959247874,0.0,24
cost_aware_utility_rank,stress,2025-01-26,1.3009392959247874,0.3009392959247874,0.0,24
cost_aware_utility_rank,stress,2025-01-27,1.3304655283780973,0.3304655283780973,228.5286644697189,24
cost_aware_utility_rank,stress,2025-01-28,1.339663394134186,0.339663394134186,69.31927176813284,24
cost_aware_utility_rank,stress,2025-01-29,1.339663394134186,0.339663394134186,0.0,24
cost_aware_utility_rank,stress,2025-01-30,1.339663394134186,0.339663394134186,0.0,24
cost_aware_utility_rank,stress,2025-01-31,1.339663394134186,0.339663394134186,0.0,24
cost_aware_utility_rank,stress,2025-02-01,1.339663394134186,0.339663394134186,0.0,24
cost_aware_utility_rank,stress,2025-02-02,1.3274282637913963,0.32742826379139633,-89.00505701700847,24
cost_aware_utility_rank,stress,2025-02-03,1.2293982358040678,0.22939823580406782,-737.7735329071679,24
cost_aware_utility_rank,stress,2025-02-04,1.236175997874613,0.23617599787461296,60.38234829902659,24
cost_aware_utility_rank,stress,2025-02-05,1.2404557813917259,0.24045578139172585,35.23260505994162,24
cost_aware_utility_rank,stress,2025-02-06,1.2352874308975335,0.23528743089753346,-41.117767204840995,24
cost_aware_utility_rank,stress,2025-02-07,1.2452870014432016,0.2452870014432016,81.24862511952719,24
cost_aware_utility_rank,stress,2025-02-08,1.2452870014432016,0.2452870014432016,0.0,24
cost_aware_utility_rank,stress,2025-02-09,1.2626736111754573,0.2626736111754573,139.61929829915363,24
cost_aware_utility_rank,stress,2025-02-10,1.2568656577069481,0.25686565770694814,-45.15662721792856,24
cost_aware_utility_rank,stress,2025-02-11,1.2667059514825643,0.26670595148256426,78.29085099697113,24
cost_aware_utility_rank,stress,2025-02-12,1.2747098757659086,0.27470987576590855,63.23622099558512,24
cost_aware_utility_rank,stress,2025-02-13,1.2747098757659086,0.27470987576590855,0.0,24
cost_aware_utility_rank,stress,2025-02-14,1.2747098757659086,0.27470987576590855,0.0,24
cost_aware_utility_rank,stress,2025-02-15,1.2747098757659086,0.27470987576590855,0.0,24
cost_aware_utility_rank,stress,2025-02-16,1.2734147021100317,0.2734147021100317,-10.160536766052246,24
cost_aware_utility_rank,stress,2025-02-17,1.3047663131899951,0.30476631318999514,244.1042925516764,24
cost_aware_utility_rank,stress,2025-02-18,1.2997377586633945,0.29973775866339447,-36.616783459981235,24
cost_aware_utility_rank,stress,2025-02-19,1.2985481610844627,0.2985481610844627,-8.661464691162099,24
cost_aware_utility_rank,stress,2025-02-20,1.2985481610844627,0.2985481610844627,0.0,24
cost_aware_utility_rank,stress,2025-02-21,1.2985481610844627,0.2985481610844627,0.0,24
cost_aware_utility_rank,stress,2025-02-22,1.2985481610844627,0.2985481610844627,0.0,24
cost_aware_utility_rank,stress,2025-02-23,1.2985481610844627,0.2985481610844627,0.0,24
cost_aware_utility_rank,stress,2025-02-24,1.2693511857840765,0.26935118578407646,-225.52081044514978,24
cost_aware_utility_rank,stress,2025-02-25,1.2731587913283284,0.27315879132832843,33.20733779668811,24
cost_aware_utility_rank,stress,2025-02-26,1.2817727654941216,0.28177276549412156,69.02389367421466,24
cost_aware_utility_rank,stress,2025-02-27,1.2817727654941216,0.28177276549412156,0.0,24
cost_aware_utility_rank,stress,2025-02-28,1.3614031763717904,0.3614031763717904,610.7742380301157,24
cost_aware_utility_rank,stress,2025-03-01,1.3427245744597864,0.34272457445978644,-136.20820681254068,24
cost_aware_utility_rank,stress,2025-03-02,1.2860782581427521,0.2860782581427521,-427.3064924875895,24
cost_aware_utility_rank,stress,2025-03-03,1.2342306411866149,0.23423064118661485,-401.4434156417846,24
cost_aware_utility_rank,stress,2025-03-04,1.2480568065660698,0.24805680656606977,127.27089707056685,24
cost_aware_utility_rank,stress,2025-03-05,1.23755623423526,0.23755623423525996,-81.60758622487386,24
cost_aware_utility_rank,stress,2025-03-06,1.2198496667815162,0.21984966678151618,-143.07722441355386,24
cost_aware_utility_rank,stress,2025-03-07,1.2542109532237102,0.25421095322371023,282.54779342810303,24
cost_aware_utility_rank,stress,2025-03-08,1.2489751092790928,0.24897510927909283,-41.596043268839516,24
cost_aware_utility_rank,stress,2025-03-09,1.2413522633336211,0.24135226333362114,-60.672936121622705,24
cost_aware_utility_rank,stress,2025-03-10,1.1966477795099275,0.1966477795099275,-353.9713157812754,24
cost_aware_utility_rank,stress,2025-03-11,1.21179629476848,0.21179629476847994,135.67602042357126,24
cost_aware_utility_rank,stress,2025-03-12,1.2020975886194392,0.20209758861943916,-79.5644091765086,24
cost_aware_utility_rank,stress,2025-03-13,1.2020975886194392,0.20209758861943916,0.0,24
cost_aware_utility_rank,stress,2025-03-14,1.1985999559248122,0.19859995592481217,-28.795757293701165,24
cost_aware_utility_rank,stress,2025-03-15,1.1985999559248122,0.19859995592481217,0.0,24
cost_aware_utility_rank,stress,2025-03-16,1.1985999559248122,0.19859995592481217,0.0,24
cost_aware_utility_rank,stress,2025-03-17,1.1985999559248122,0.19859995592481217,0.0,24
cost_aware_utility_rank,stress,2025-03-18,1.1985999559248122,0.19859995592481217,0.0,24
cost_aware_utility_rank,stress,2025-03-19,1.1985999559248122,0.19859995592481217,0.0,24
cost_aware_utility_rank,stress,2025-03-20,1.1985999559248122,0.19859995592481217,0.0,24
cost_aware_utility_rank,stress,2025-03-21,1.1985999559248122,0.19859995592481217,0.0,24
cost_aware_utility_rank,stress,2025-03-22,1.1985999559248122,0.19859995592481217,0.0,24
cost_aware_utility_rank,stress,2025-03-23,1.1985999559248122,0.19859995592481217,0.0,24
cost_aware_utility_rank,stress,2025-03-24,1.1985999559248122,0.19859995592481217,0.0,24
cost_aware_utility_rank,stress,2025-03-25,1.1985999559248122,0.19859995592481217,0.0,24
cost_aware_utility_rank,stress,2025-03-26,1.1985999559248122,0.19859995592481217,0.0,24
cost_aware_utility_rank,stress,2025-03-27,1.1985999559248122,0.19859995592481217,0.0,24
cost_aware_utility_rank,stress,2025-03-28,1.1985999559248122,0.19859995592481217,0.0,24
cost_aware_utility_rank,stress,2025-03-29,1.1985999559248122,0.19859995592481217,0.0,24
cost_aware_utility_rank,stress,2025-03-30,1.1985999559248122,0.19859995592481217,0.0,24
cost_aware_utility_rank,stress,2025-03-31,1.1934605403532186,0.19346054035321858,-42.89858675003052,24
cost_aware_utility_rank,stress,2025-04-01,1.1969470965506779,0.19694709655067788,29.211490631103516,24
cost_aware_utility_rank,stress,2025-04-02,1.1961752594844928,0.19617525948449277,-6.4483807881673165,24
cost_aware_utility_rank,stress,2025-04-03,1.218192874228323,0.218192874228323,185.48694006601968,24
cost_aware_utility_rank,stress,2025-04-04,1.2127427545414569,0.21274275454145686,-44.73938242594401,24
cost_aware_utility_rank,stress,2025-04-05,1.2127427545414569,0.21274275454145686,0.0,24
cost_aware_utility_rank,stress,2025-04-06,1.1809804882905284,0.18098048829052837,-264.0176537831624,24
cost_aware_utility_rank,stress,2025-04-07,1.1715768210250432,0.17157682102504324,-57.36452259620041,24
cost_aware_utility_rank,stress,2025-04-08,1.1992740379184466,0.19927403791844656,235.76823711395258,24
cost_aware_utility_rank,stress,2025-04-09,1.2160339315917155,0.21603393159171547,145.37382062276203,24
cost_aware_utility_rank,stress,2025-04-10,1.2034409458244368,0.20344094582443684,-102.83010320862134,24
cost_aware_utility_rank,stress,2025-04-11,1.2179618296373225,0.21796182963732247,120.31203460693358,24
cost_aware_utility_rank,stress,2025-04-12,1.2179618296373225,0.21796182963732247,0.0,24
cost_aware_utility_rank,stress,2025-04-13,1.2233406180946809,0.22334061809468087,44.25059000651042,24
cost_aware_utility_rank,stress,2025-04-14,1.2458832607432102,0.2458832607432102,185.0049455960592,24
cost_aware_utility_rank,stress,2025-04-15,1.2458832607432102,0.2458832607432102,0.0,24
cost_aware_utility_rank,stress,2025-04-16,1.254043487634363,0.2540434876343629,65.82477188110352,24
cost_aware_utility_rank,stress,2025-04-17,1.2629538901103847,0.2629538901103847,71.13761456807454,24
cost_aware_utility_rank,stress,2025-04-18,1.2629538901103847,0.2629538901103847,0.0,24
cost_aware_utility_rank,stress,2025-04-19,1.2629538901103847,0.2629538901103847,0.0,24
cost_aware_utility_rank,stress,2025-04-20,1.2629538901103847,0.2629538901103847,0.0,24
cost_aware_utility_rank,stress,2025-04-21,1.2629538901103847,0.2629538901103847,0.0,24
cost_aware_utility_rank,stress,2025-04-22,1.258831828699462,0.258831828699462,-32.57293383280437,24
cost_aware_utility_rank,stress,2025-04-23,1.258831828699462,0.258831828699462,0.0,24
cost_aware_utility_rank,stress,2025-04-24,1.258831828699462,0.258831828699462,0.0,24
cost_aware_utility_rank,stress,2025-04-25,1.258831828699462,0.258831828699462,0.0,24
cost_aware_utility_rank,stress,2025-04-26,1.258831828699462,0.258831828699462,0.0,24
cost_aware_utility_rank,stress,2025-04-27,1.258831828699462,0.258831828699462,0.0,24
cost_aware_utility_rank,stress,2025-04-28,1.258831828699462,0.258831828699462,0.0,24
cost_aware_utility_rank,stress,2025-04-29,1.258831828699462,0.258831828699462,0.0,24
cost_aware_utility_rank,stress,2025-04-30,1.258831828699462,0.258831828699462,0.0,24
cost_aware_utility_rank,stress,2025-05-01,1.258831828699462,0.258831828699462,0.0,24
cost_aware_utility_rank,stress,2025-05-02,1.258831828699462,0.258831828699462,0.0,24
cost_aware_utility_rank,stress,2025-05-03,1.258831828699462,0.258831828699462,0.0,24
cost_aware_utility_rank,stress,2025-05-04,1.258831828699462,0.258831828699462,0.0,24
cost_aware_utility_rank,stress,2025-05-05,1.258831828699462,0.258831828699462,0.0,24
cost_aware_utility_rank,stress,2025-05-06,1.258831828699462,0.258831828699462,0.0,24
cost_aware_utility_rank,stress,2025-05-07,1.258831828699462,0.258831828699462,0.0,24
cost_aware_utility_rank,stress,2025-05-08,1.258831828699462,0.258831828699462,0.0,24
cost_aware_utility_rank,stress,2025-05-09,1.258831828699462,0.258831828699462,0.0,24
cost_aware_utility_rank,stress,2025-05-10,1.258831828699462,0.258831828699462,0.0,24
cost_aware_utility_rank,stress,2025-05-11,1.258831828699462,0.258831828699462,0.0,24
cost_aware_utility_rank,stress,2025-05-12,1.258831828699462,0.258831828699462,0.0,24
cost_aware_utility_rank,stress,2025-05-13,1.2692557118741414,0.26925571187414143,82.7390964825948,24
cost_aware_utility_rank,stress,2025-05-14,1.2681987885469823,0.2681987885469823,-8.111579895019533,24
cost_aware_utility_rank,stress,2025-05-15,1.266957830305274,0.266957830305274,-9.074765364329014,24
cost_aware_utility_rank,stress,2025-05-16,1.266957830305274,0.266957830305274,0.0,24
cost_aware_utility_rank,stress,2025-05-17,1.266957830305274,0.266957830305274,0.0,24
cost_aware_utility_rank,stress,2025-05-18,1.238123954935921,0.2381239549359211,-227.38583056131995,24
cost_aware_utility_rank,stress,2025-05-19,1.234217604911737,0.23421760491173704,-30.402300834655765,24
cost_aware_utility_rank,stress,2025-05-20,1.234217604911737,0.23421760491173704,0.0,24
cost_aware_utility_rank,stress,2025-05-21,1.2538238270177056,0.25382382701770556,159.93113883336383,24
cost_aware_utility_rank,stress,2025-05-22,1.277706452277011,0.27770645227701096,190.2736155986786,24
cost_aware_utility_rank,stress,2025-05-23,1.283720164364529,0.28372016436452907,47.22348711887996,24
cost_aware_utility_rank,stress,2025-05-24,1.2846381193165703,0.28463811931657035,7.150740305582682,24
cost_aware_utility_rank,stress,2025-05-25,1.2846381193165703,0.28463811931657035,0.0,24
cost_aware_utility_rank,stress,2025-05-26,1.2846381193165703,0.28463811931657035,0.0,24
cost_aware_utility_rank,stress,2025-05-27,1.2846381193165703,0.28463811931657035,0.0,24
cost_aware_utility_rank,stress,2025-05-28,1.2846381193165703,0.28463811931657035,0.0,24
cost_aware_utility_rank,stress,2025-05-29,1.2846381193165703,0.28463811931657035,0.0,24
cost_aware_utility_rank,stress,2025-05-30,1.2846381193165703,0.28463811931657035,0.0,24
cost_aware_utility_rank,stress,2025-05-31,1.2846381193165703,0.28463811931657035,0.0,24
cost_aware_utility_rank,stress,2025-06-01,1.2846381193165703,0.28463811931657035,0.0,24
cost_aware_utility_rank,stress,2025-06-02,1.2846381193165703,0.28463811931657035,0.0,24
cost_aware_utility_rank,stress,2025-06-03,1.2846381193165703,0.28463811931657035,0.0,24
cost_aware_utility_rank,stress,2025-06-04,1.2846381193165703,0.28463811931657035,0.0,24
cost_aware_utility_rank,stress,2025-06-05,1.2921371697855637,0.2921371697855637,58.45223569869995,24
cost_aware_utility_rank,stress,2025-06-06,1.311001293786091,0.3110012937860911,145.17421634991962,24
cost_aware_utility_rank,stress,2025-06-07,1.311001293786091,0.3110012937860911,0.0,24
cost_aware_utility_rank,stress,2025-06-08,1.311001293786091,0.3110012937860911,0.0,24
cost_aware_utility_rank,stress,2025-06-09,1.311001293786091,0.3110012937860911,0.0,24
cost_aware_utility_rank,stress,2025-06-10,1.311001293786091,0.3110012937860911,0.0,24
cost_aware_utility_rank,stress,2025-06-11,1.311001293786091,0.3110012937860911,0.0,24
cost_aware_utility_rank,stress,2025-06-12,1.311001293786091,0.3110012937860911,0.0,24
cost_aware_utility_rank,stress,2025-06-13,1.312413614741059,0.312413614741059,11.840119520823169,24
cost_aware_utility_rank,stress,2025-06-14,1.312413614741059,0.312413614741059,0.0,24
cost_aware_utility_rank,stress,2025-06-15,1.312413614741059,0.312413614741059,0.0,24
cost_aware_utility_rank,stress,2025-06-16,1.312413614741059,0.312413614741059,0.0,24
cost_aware_utility_rank,stress,2025-06-17,1.312413614741059,0.312413614741059,0.0,24
cost_aware_utility_rank,stress,2025-06-18,1.312413614741059,0.312413614741059,0.0,24
cost_aware_utility_rank,stress,2025-06-19,1.312413614741059,0.312413614741059,0.0,24
cost_aware_utility_rank,stress,2025-06-20,1.312413614741059,0.312413614741059,0.0,24
cost_aware_utility_rank,stress,2025-06-21,1.3251887107256592,0.32518871072565925,97.11773872375488,24
cost_aware_utility_rank,stress,2025-06-22,1.27998235886592,0.27998235886592004,-342.10942129790783,24
cost_aware_utility_rank,stress,2025-06-23,1.2843143625563964,0.2843143625563964,33.8648857275645,24
cost_aware_utility_rank,stress,2025-06-24,1.2843143625563964,0.2843143625563964,0.0,24
cost_aware_utility_rank,stress,2025-06-25,1.2843143625563964,0.2843143625563964,0.0,24
cost_aware_utility_rank,stress,2025-06-26,1.2843143625563964,0.2843143625563964,0.0,24
cost_aware_utility_rank,stress,2025-06-27,1.2843143625563964,0.2843143625563964,0.0,24
cost_aware_utility_rank,stress,2025-06-28,1.2843143625563964,0.2843143625563964,0.0,24
cost_aware_utility_rank,stress,2025-06-29,1.2843143625563964,0.2843143625563964,0.0,24
