round,treatment,view,objective,seed,fold,loss_skill,final_iterations,backend,device,reload_max_abs_prediction_error_bps,model_sha256,file_sha256
56,baseline_72,raw_stress_payoff,conditional_mean,5601,2023-07,-5.850033291809886e-05,38,opencl,opencl:auto,0.0,dcfd8f5544a7c593fa64981216110a1ee5c284359059f42fcd78532e66f7f91b,40ff72149eb4e0a2f9d352d5a10da3219885f232362d7d8bb416392fdbbb5ba1
56,baseline_72,raw_stress_payoff,conditional_mean,5601,2023-08,0.0034178970985989654,38,opencl,opencl:auto,0.0,dcfd8f5544a7c593fa64981216110a1ee5c284359059f42fcd78532e66f7f91b,40ff72149eb4e0a2f9d352d5a10da3219885f232362d7d8bb416392fdbbb5ba1
56,baseline_72,raw_stress_payoff,conditional_mean,5601,2023-09,-0.0015538640972931894,38,opencl,opencl:auto,0.0,dcfd8f5544a7c593fa64981216110a1ee5c284359059f42fcd78532e66f7f91b,40ff72149eb4e0a2f9d352d5a10da3219885f232362d7d8bb416392fdbbb5ba1
56,baseline_72,raw_stress_payoff,conditional_mean,5601,2023-10,0.004119419064314789,38,opencl,opencl:auto,0.0,dcfd8f5544a7c593fa64981216110a1ee5c284359059f42fcd78532e66f7f91b,40ff72149eb4e0a2f9d352d5a10da3219885f232362d7d8bb416392fdbbb5ba1
56,baseline_72,raw_stress_payoff,conditional_mean,5601,2023-11,0.008245577248504277,38,opencl,opencl:auto,0.0,dcfd8f5544a7c593fa64981216110a1ee5c284359059f42fcd78532e66f7f91b,40ff72149eb4e0a2f9d352d5a10da3219885f232362d7d8bb416392fdbbb5ba1
56,baseline_72,raw_stress_payoff,conditional_mean,5601,2023-12,-0.0045459350511967145,38,opencl,opencl:auto,0.0,dcfd8f5544a7c593fa64981216110a1ee5c284359059f42fcd78532e66f7f91b,40ff72149eb4e0a2f9d352d5a10da3219885f232362d7d8bb416392fdbbb5ba1
56,baseline_72,raw_stress_payoff,conditional_mean,5601,2024-01,-0.00011211492618845575,38,opencl,opencl:auto,0.0,dcfd8f5544a7c593fa64981216110a1ee5c284359059f42fcd78532e66f7f91b,40ff72149eb4e0a2f9d352d5a10da3219885f232362d7d8bb416392fdbbb5ba1
56,baseline_72,raw_stress_payoff,conditional_mean,5601,2024-02,0.0002119726281719636,38,opencl,opencl:auto,0.0,dcfd8f5544a7c593fa64981216110a1ee5c284359059f42fcd78532e66f7f91b,40ff72149eb4e0a2f9d352d5a10da3219885f232362d7d8bb416392fdbbb5ba1
56,baseline_72,raw_stress_payoff,conditional_mean,5601,2024-03,0.0001580720463301155,38,opencl,opencl:auto,0.0,dcfd8f5544a7c593fa64981216110a1ee5c284359059f42fcd78532e66f7f91b,40ff72149eb4e0a2f9d352d5a10da3219885f232362d7d8bb416392fdbbb5ba1
56,baseline_72,raw_stress_payoff,conditional_mean,5601,2024-04,0.0001339234381697585,38,opencl,opencl:auto,0.0,dcfd8f5544a7c593fa64981216110a1ee5c284359059f42fcd78532e66f7f91b,40ff72149eb4e0a2f9d352d5a10da3219885f232362d7d8bb416392fdbbb5ba1
56,baseline_72,raw_stress_payoff,conditional_mean,5601,2024-05,0.0008549587195149089,38,opencl,opencl:auto,0.0,dcfd8f5544a7c593fa64981216110a1ee5c284359059f42fcd78532e66f7f91b,40ff72149eb4e0a2f9d352d5a10da3219885f232362d7d8bb416392fdbbb5ba1
56,baseline_72,raw_stress_payoff,conditional_mean,5601,2024-06,-0.010014453987987393,38,opencl,opencl:auto,0.0,dcfd8f5544a7c593fa64981216110a1ee5c284359059f42fcd78532e66f7f91b,40ff72149eb4e0a2f9d352d5a10da3219885f232362d7d8bb416392fdbbb5ba1
56,baseline_72,raw_stress_payoff,conditional_mean,5602,2023-07,-4.336579705577215e-05,26,opencl,opencl:auto,0.0,f753fd76eb52614e3c2b9838878491ae4bb3d45ff199c5a49b14082a7be8ef44,47f8a47522196b5593aa3e2df5c2eda8a3a78580f39c1e1bd0d0de0331186c62
56,baseline_72,raw_stress_payoff,conditional_mean,5602,2023-08,0.0015938293729040875,26,opencl,opencl:auto,0.0,f753fd76eb52614e3c2b9838878491ae4bb3d45ff199c5a49b14082a7be8ef44,47f8a47522196b5593aa3e2df5c2eda8a3a78580f39c1e1bd0d0de0331186c62
56,baseline_72,raw_stress_payoff,conditional_mean,5602,2023-09,-0.0037472174386334878,26,opencl,opencl:auto,0.0,f753fd76eb52614e3c2b9838878491ae4bb3d45ff199c5a49b14082a7be8ef44,47f8a47522196b5593aa3e2df5c2eda8a3a78580f39c1e1bd0d0de0331186c62
56,baseline_72,raw_stress_payoff,conditional_mean,5602,2023-10,0.00273158387436645,26,opencl,opencl:auto,0.0,f753fd76eb52614e3c2b9838878491ae4bb3d45ff199c5a49b14082a7be8ef44,47f8a47522196b5593aa3e2df5c2eda8a3a78580f39c1e1bd0d0de0331186c62
56,baseline_72,raw_stress_payoff,conditional_mean,5602,2023-11,0.010121934851326397,26,opencl,opencl:auto,0.0,f753fd76eb52614e3c2b9838878491ae4bb3d45ff199c5a49b14082a7be8ef44,47f8a47522196b5593aa3e2df5c2eda8a3a78580f39c1e1bd0d0de0331186c62
56,baseline_72,raw_stress_payoff,conditional_mean,5602,2023-12,-0.006836933616933605,26,opencl,opencl:auto,0.0,f753fd76eb52614e3c2b9838878491ae4bb3d45ff199c5a49b14082a7be8ef44,47f8a47522196b5593aa3e2df5c2eda8a3a78580f39c1e1bd0d0de0331186c62
56,baseline_72,raw_stress_payoff,conditional_mean,5602,2024-01,-0.0015397844496445323,26,opencl,opencl:auto,0.0,f753fd76eb52614e3c2b9838878491ae4bb3d45ff199c5a49b14082a7be8ef44,47f8a47522196b5593aa3e2df5c2eda8a3a78580f39c1e1bd0d0de0331186c62
56,baseline_72,raw_stress_payoff,conditional_mean,5602,2024-02,0.0002698540782680725,26,opencl,opencl:auto,0.0,f753fd76eb52614e3c2b9838878491ae4bb3d45ff199c5a49b14082a7be8ef44,47f8a47522196b5593aa3e2df5c2eda8a3a78580f39c1e1bd0d0de0331186c62
56,baseline_72,raw_stress_payoff,conditional_mean,5602,2024-03,6.872191244067238e-06,26,opencl,opencl:auto,0.0,f753fd76eb52614e3c2b9838878491ae4bb3d45ff199c5a49b14082a7be8ef44,47f8a47522196b5593aa3e2df5c2eda8a3a78580f39c1e1bd0d0de0331186c62
56,baseline_72,raw_stress_payoff,conditional_mean,5602,2024-04,-9.723892964852432e-05,26,opencl,opencl:auto,0.0,f753fd76eb52614e3c2b9838878491ae4bb3d45ff199c5a49b14082a7be8ef44,47f8a47522196b5593aa3e2df5c2eda8a3a78580f39c1e1bd0d0de0331186c62
56,baseline_72,raw_stress_payoff,conditional_mean,5602,2024-05,0.0020795504478092752,26,opencl,opencl:auto,0.0,f753fd76eb52614e3c2b9838878491ae4bb3d45ff199c5a49b14082a7be8ef44,47f8a47522196b5593aa3e2df5c2eda8a3a78580f39c1e1bd0d0de0331186c62
56,baseline_72,raw_stress_payoff,conditional_mean,5602,2024-06,-0.0056186842699164075,26,opencl,opencl:auto,0.0,f753fd76eb52614e3c2b9838878491ae4bb3d45ff199c5a49b14082a7be8ef44,47f8a47522196b5593aa3e2df5c2eda8a3a78580f39c1e1bd0d0de0331186c62
56,baseline_72,raw_stress_payoff,conditional_mean,5603,2023-07,2.300056122561678e-06,46,opencl,opencl:auto,0.0,1910ac1e44d7461a64b41a7cb683fe8f76dd2a9fd558b1fa873fad485ec90b47,a9ed13a2da4f61f13b20f8f7685897035cfc1264038a1a66a9c6e9f2db2751e1
56,baseline_72,raw_stress_payoff,conditional_mean,5603,2023-08,0.0016955433718757185,46,opencl,opencl:auto,0.0,1910ac1e44d7461a64b41a7cb683fe8f76dd2a9fd558b1fa873fad485ec90b47,a9ed13a2da4f61f13b20f8f7685897035cfc1264038a1a66a9c6e9f2db2751e1
56,baseline_72,raw_stress_payoff,conditional_mean,5603,2023-09,-0.005251707024780838,46,opencl,opencl:auto,0.0,1910ac1e44d7461a64b41a7cb683fe8f76dd2a9fd558b1fa873fad485ec90b47,a9ed13a2da4f61f13b20f8f7685897035cfc1264038a1a66a9c6e9f2db2751e1
56,baseline_72,raw_stress_payoff,conditional_mean,5603,2023-10,0.0050541298584572125,46,opencl,opencl:auto,0.0,1910ac1e44d7461a64b41a7cb683fe8f76dd2a9fd558b1fa873fad485ec90b47,a9ed13a2da4f61f13b20f8f7685897035cfc1264038a1a66a9c6e9f2db2751e1
56,baseline_72,raw_stress_payoff,conditional_mean,5603,2023-11,0.013227906569165615,46,opencl,opencl:auto,0.0,1910ac1e44d7461a64b41a7cb683fe8f76dd2a9fd558b1fa873fad485ec90b47,a9ed13a2da4f61f13b20f8f7685897035cfc1264038a1a66a9c6e9f2db2751e1
56,baseline_72,raw_stress_payoff,conditional_mean,5603,2023-12,-0.008913811006921568,46,opencl,opencl:auto,0.0,1910ac1e44d7461a64b41a7cb683fe8f76dd2a9fd558b1fa873fad485ec90b47,a9ed13a2da4f61f13b20f8f7685897035cfc1264038a1a66a9c6e9f2db2751e1
56,baseline_72,raw_stress_payoff,conditional_mean,5603,2024-01,-0.005399739595801645,46,opencl,opencl:auto,0.0,1910ac1e44d7461a64b41a7cb683fe8f76dd2a9fd558b1fa873fad485ec90b47,a9ed13a2da4f61f13b20f8f7685897035cfc1264038a1a66a9c6e9f2db2751e1
56,baseline_72,raw_stress_payoff,conditional_mean,5603,2024-02,-0.00020540695698167966,46,opencl,opencl:auto,0.0,1910ac1e44d7461a64b41a7cb683fe8f76dd2a9fd558b1fa873fad485ec90b47,a9ed13a2da4f61f13b20f8f7685897035cfc1264038a1a66a9c6e9f2db2751e1
56,baseline_72,raw_stress_payoff,conditional_mean,5603,2024-03,-0.00103798662844512,46,opencl,opencl:auto,0.0,1910ac1e44d7461a64b41a7cb683fe8f76dd2a9fd558b1fa873fad485ec90b47,a9ed13a2da4f61f13b20f8f7685897035cfc1264038a1a66a9c6e9f2db2751e1
56,baseline_72,raw_stress_payoff,conditional_mean,5603,2024-04,4.0611601017426224e-05,46,opencl,opencl:auto,0.0,1910ac1e44d7461a64b41a7cb683fe8f76dd2a9fd558b1fa873fad485ec90b47,a9ed13a2da4f61f13b20f8f7685897035cfc1264038a1a66a9c6e9f2db2751e1
56,baseline_72,raw_stress_payoff,conditional_mean,5603,2024-05,0.0021014536292275343,46,opencl,opencl:auto,0.0,1910ac1e44d7461a64b41a7cb683fe8f76dd2a9fd558b1fa873fad485ec90b47,a9ed13a2da4f61f13b20f8f7685897035cfc1264038a1a66a9c6e9f2db2751e1
56,baseline_72,raw_stress_payoff,conditional_mean,5603,2024-06,-0.006571702692022008,46,opencl,opencl:auto,0.0,1910ac1e44d7461a64b41a7cb683fe8f76dd2a9fd558b1fa873fad485ec90b47,a9ed13a2da4f61f13b20f8f7685897035cfc1264038a1a66a9c6e9f2db2751e1
56,baseline_72,raw_stress_payoff,lower_tail_q20,5601,2023-07,0.19255119770320672,305,opencl,opencl:auto,0.0,1025d35d2fcf1d92f63d0b12e209b27db244e27ebc8e123bd12a45f6eeee2b09,3895e3bd1f640fa6e5d3e58a1c3d92561842666ae63ad5e0b57f677ca80812cc
56,baseline_72,raw_stress_payoff,lower_tail_q20,5601,2023-08,0.22089004917336397,305,opencl,opencl:auto,0.0,1025d35d2fcf1d92f63d0b12e209b27db244e27ebc8e123bd12a45f6eeee2b09,3895e3bd1f640fa6e5d3e58a1c3d92561842666ae63ad5e0b57f677ca80812cc
56,baseline_72,raw_stress_payoff,lower_tail_q20,5601,2023-09,0.1781540579623544,305,opencl,opencl:auto,0.0,1025d35d2fcf1d92f63d0b12e209b27db244e27ebc8e123bd12a45f6eeee2b09,3895e3bd1f640fa6e5d3e58a1c3d92561842666ae63ad5e0b57f677ca80812cc
56,baseline_72,raw_stress_payoff,lower_tail_q20,5601,2023-10,0.10532578612095167,305,opencl,opencl:auto,0.0,1025d35d2fcf1d92f63d0b12e209b27db244e27ebc8e123bd12a45f6eeee2b09,3895e3bd1f640fa6e5d3e58a1c3d92561842666ae63ad5e0b57f677ca80812cc
56,baseline_72,raw_stress_payoff,lower_tail_q20,5601,2023-11,0.13493152894671334,305,opencl,opencl:auto,0.0,1025d35d2fcf1d92f63d0b12e209b27db244e27ebc8e123bd12a45f6eeee2b09,3895e3bd1f640fa6e5d3e58a1c3d92561842666ae63ad5e0b57f677ca80812cc
56,baseline_72,raw_stress_payoff,lower_tail_q20,5601,2023-12,0.09018705973125762,305,opencl,opencl:auto,0.0,1025d35d2fcf1d92f63d0b12e209b27db244e27ebc8e123bd12a45f6eeee2b09,3895e3bd1f640fa6e5d3e58a1c3d92561842666ae63ad5e0b57f677ca80812cc
56,baseline_72,raw_stress_payoff,lower_tail_q20,5601,2024-01,0.08626448519816254,305,opencl,opencl:auto,0.0,1025d35d2fcf1d92f63d0b12e209b27db244e27ebc8e123bd12a45f6eeee2b09,3895e3bd1f640fa6e5d3e58a1c3d92561842666ae63ad5e0b57f677ca80812cc
56,baseline_72,raw_stress_payoff,lower_tail_q20,5601,2024-02,0.06013128434482384,305,opencl,opencl:auto,0.0,1025d35d2fcf1d92f63d0b12e209b27db244e27ebc8e123bd12a45f6eeee2b09,3895e3bd1f640fa6e5d3e58a1c3d92561842666ae63ad5e0b57f677ca80812cc
56,baseline_72,raw_stress_payoff,lower_tail_q20,5601,2024-03,0.10616538447255153,305,opencl,opencl:auto,0.0,1025d35d2fcf1d92f63d0b12e209b27db244e27ebc8e123bd12a45f6eeee2b09,3895e3bd1f640fa6e5d3e58a1c3d92561842666ae63ad5e0b57f677ca80812cc
56,baseline_72,raw_stress_payoff,lower_tail_q20,5601,2024-04,0.07909841780425253,305,opencl,opencl:auto,0.0,1025d35d2fcf1d92f63d0b12e209b27db244e27ebc8e123bd12a45f6eeee2b09,3895e3bd1f640fa6e5d3e58a1c3d92561842666ae63ad5e0b57f677ca80812cc
56,baseline_72,raw_stress_payoff,lower_tail_q20,5601,2024-05,0.0603397288037848,305,opencl,opencl:auto,0.0,1025d35d2fcf1d92f63d0b12e209b27db244e27ebc8e123bd12a45f6eeee2b09,3895e3bd1f640fa6e5d3e58a1c3d92561842666ae63ad5e0b57f677ca80812cc
56,baseline_72,raw_stress_payoff,lower_tail_q20,5601,2024-06,0.09337672144654907,305,opencl,opencl:auto,0.0,1025d35d2fcf1d92f63d0b12e209b27db244e27ebc8e123bd12a45f6eeee2b09,3895e3bd1f640fa6e5d3e58a1c3d92561842666ae63ad5e0b57f677ca80812cc
56,baseline_72,raw_stress_payoff,lower_tail_q20,5602,2023-07,0.19358630171741964,303,opencl,opencl:auto,0.0,2d86f740b6ed7cc08ceeb845b08c679df240f43e31b7614b23b460d9f250f360,e820c4d564d4c31b2d35f9ebd635c9b403f97b5e748c2340f847e1f91a3f6ae8
56,baseline_72,raw_stress_payoff,lower_tail_q20,5602,2023-08,0.21922000826169563,303,opencl,opencl:auto,0.0,2d86f740b6ed7cc08ceeb845b08c679df240f43e31b7614b23b460d9f250f360,e820c4d564d4c31b2d35f9ebd635c9b403f97b5e748c2340f847e1f91a3f6ae8
56,baseline_72,raw_stress_payoff,lower_tail_q20,5602,2023-09,0.1805519010668869,303,opencl,opencl:auto,0.0,2d86f740b6ed7cc08ceeb845b08c679df240f43e31b7614b23b460d9f250f360,e820c4d564d4c31b2d35f9ebd635c9b403f97b5e748c2340f847e1f91a3f6ae8
56,baseline_72,raw_stress_payoff,lower_tail_q20,5602,2023-10,0.10540375507994415,303,opencl,opencl:auto,0.0,2d86f740b6ed7cc08ceeb845b08c679df240f43e31b7614b23b460d9f250f360,e820c4d564d4c31b2d35f9ebd635c9b403f97b5e748c2340f847e1f91a3f6ae8
56,baseline_72,raw_stress_payoff,lower_tail_q20,5602,2023-11,0.1323949168458668,303,opencl,opencl:auto,0.0,2d86f740b6ed7cc08ceeb845b08c679df240f43e31b7614b23b460d9f250f360,e820c4d564d4c31b2d35f9ebd635c9b403f97b5e748c2340f847e1f91a3f6ae8
56,baseline_72,raw_stress_payoff,lower_tail_q20,5602,2023-12,0.08870079401527864,303,opencl,opencl:auto,0.0,2d86f740b6ed7cc08ceeb845b08c679df240f43e31b7614b23b460d9f250f360,e820c4d564d4c31b2d35f9ebd635c9b403f97b5e748c2340f847e1f91a3f6ae8
56,baseline_72,raw_stress_payoff,lower_tail_q20,5602,2024-01,0.08652321469949131,303,opencl,opencl:auto,0.0,2d86f740b6ed7cc08ceeb845b08c679df240f43e31b7614b23b460d9f250f360,e820c4d564d4c31b2d35f9ebd635c9b403f97b5e748c2340f847e1f91a3f6ae8
56,baseline_72,raw_stress_payoff,lower_tail_q20,5602,2024-02,0.05986491116417303,303,opencl,opencl:auto,0.0,2d86f740b6ed7cc08ceeb845b08c679df240f43e31b7614b23b460d9f250f360,e820c4d564d4c31b2d35f9ebd635c9b403f97b5e748c2340f847e1f91a3f6ae8
56,baseline_72,raw_stress_payoff,lower_tail_q20,5602,2024-03,0.10683275727527941,303,opencl,opencl:auto,0.0,2d86f740b6ed7cc08ceeb845b08c679df240f43e31b7614b23b460d9f250f360,e820c4d564d4c31b2d35f9ebd635c9b403f97b5e748c2340f847e1f91a3f6ae8
56,baseline_72,raw_stress_payoff,lower_tail_q20,5602,2024-04,0.07865225523549901,303,opencl,opencl:auto,0.0,2d86f740b6ed7cc08ceeb845b08c679df240f43e31b7614b23b460d9f250f360,e820c4d564d4c31b2d35f9ebd635c9b403f97b5e748c2340f847e1f91a3f6ae8
56,baseline_72,raw_stress_payoff,lower_tail_q20,5602,2024-05,0.05877171974056605,303,opencl,opencl:auto,0.0,2d86f740b6ed7cc08ceeb845b08c679df240f43e31b7614b23b460d9f250f360,e820c4d564d4c31b2d35f9ebd635c9b403f97b5e748c2340f847e1f91a3f6ae8
56,baseline_72,raw_stress_payoff,lower_tail_q20,5602,2024-06,0.09139327542478026,303,opencl,opencl:auto,0.0,2d86f740b6ed7cc08ceeb845b08c679df240f43e31b7614b23b460d9f250f360,e820c4d564d4c31b2d35f9ebd635c9b403f97b5e748c2340f847e1f91a3f6ae8
56,baseline_72,raw_stress_payoff,lower_tail_q20,5603,2023-07,0.19223581591993555,285,opencl,opencl:auto,0.0,3f45889657c497036881bbb91c0a9f31e2902d6c1602fa4391413d57527135ac,cc6dd03dbad04fac6c3cd00a4d070fa470fc75f4fd3df8f1a650191368071301
56,baseline_72,raw_stress_payoff,lower_tail_q20,5603,2023-08,0.2173069872334763,285,opencl,opencl:auto,0.0,3f45889657c497036881bbb91c0a9f31e2902d6c1602fa4391413d57527135ac,cc6dd03dbad04fac6c3cd00a4d070fa470fc75f4fd3df8f1a650191368071301
56,baseline_72,raw_stress_payoff,lower_tail_q20,5603,2023-09,0.17850537160532465,285,opencl,opencl:auto,0.0,3f45889657c497036881bbb91c0a9f31e2902d6c1602fa4391413d57527135ac,cc6dd03dbad04fac6c3cd00a4d070fa470fc75f4fd3df8f1a650191368071301
56,baseline_72,raw_stress_payoff,lower_tail_q20,5603,2023-10,0.10540834184502745,285,opencl,opencl:auto,0.0,3f45889657c497036881bbb91c0a9f31e2902d6c1602fa4391413d57527135ac,cc6dd03dbad04fac6c3cd00a4d070fa470fc75f4fd3df8f1a650191368071301
56,baseline_72,raw_stress_payoff,lower_tail_q20,5603,2023-11,0.13403490836102394,285,opencl,opencl:auto,0.0,3f45889657c497036881bbb91c0a9f31e2902d6c1602fa4391413d57527135ac,cc6dd03dbad04fac6c3cd00a4d070fa470fc75f4fd3df8f1a650191368071301
56,baseline_72,raw_stress_payoff,lower_tail_q20,5603,2023-12,0.08883328335921337,285,opencl,opencl:auto,0.0,3f45889657c497036881bbb91c0a9f31e2902d6c1602fa4391413d57527135ac,cc6dd03dbad04fac6c3cd00a4d070fa470fc75f4fd3df8f1a650191368071301
56,baseline_72,raw_stress_payoff,lower_tail_q20,5603,2024-01,0.0848638266355719,285,opencl,opencl:auto,0.0,3f45889657c497036881bbb91c0a9f31e2902d6c1602fa4391413d57527135ac,cc6dd03dbad04fac6c3cd00a4d070fa470fc75f4fd3df8f1a650191368071301
56,baseline_72,raw_stress_payoff,lower_tail_q20,5603,2024-02,0.06089283776352106,285,opencl,opencl:auto,0.0,3f45889657c497036881bbb91c0a9f31e2902d6c1602fa4391413d57527135ac,cc6dd03dbad04fac6c3cd00a4d070fa470fc75f4fd3df8f1a650191368071301
56,baseline_72,raw_stress_payoff,lower_tail_q20,5603,2024-03,0.10704483301872048,285,opencl,opencl:auto,0.0,3f45889657c497036881bbb91c0a9f31e2902d6c1602fa4391413d57527135ac,cc6dd03dbad04fac6c3cd00a4d070fa470fc75f4fd3df8f1a650191368071301
56,baseline_72,raw_stress_payoff,lower_tail_q20,5603,2024-04,0.07890625994419487,285,opencl,opencl:auto,0.0,3f45889657c497036881bbb91c0a9f31e2902d6c1602fa4391413d57527135ac,cc6dd03dbad04fac6c3cd00a4d070fa470fc75f4fd3df8f1a650191368071301
56,baseline_72,raw_stress_payoff,lower_tail_q20,5603,2024-05,0.0588609562492981,285,opencl,opencl:auto,0.0,3f45889657c497036881bbb91c0a9f31e2902d6c1602fa4391413d57527135ac,cc6dd03dbad04fac6c3cd00a4d070fa470fc75f4fd3df8f1a650191368071301
56,baseline_72,raw_stress_payoff,lower_tail_q20,5603,2024-06,0.09561313394473225,285,opencl,opencl:auto,0.0,3f45889657c497036881bbb91c0a9f31e2902d6c1602fa4391413d57527135ac,cc6dd03dbad04fac6c3cd00a4d070fa470fc75f4fd3df8f1a650191368071301
56,baseline_72,stop_normalized_stress_payoff,conditional_mean,5601,2023-07,0.022089716664817294,93,opencl,opencl:auto,0.0,6e47b143f2e47370400a4691177d80c6cb15f054a147ce94b42823828ce96bd8,e15045cd569e0063cb08cdecdf617aba7f13a3200356ef6647968d364b535e3d
56,baseline_72,stop_normalized_stress_payoff,conditional_mean,5601,2023-08,0.03529978849219495,93,opencl,opencl:auto,0.0,6e47b143f2e47370400a4691177d80c6cb15f054a147ce94b42823828ce96bd8,e15045cd569e0063cb08cdecdf617aba7f13a3200356ef6647968d364b535e3d
56,baseline_72,stop_normalized_stress_payoff,conditional_mean,5601,2023-09,0.027044152722598747,93,opencl,opencl:auto,0.0,6e47b143f2e47370400a4691177d80c6cb15f054a147ce94b42823828ce96bd8,e15045cd569e0063cb08cdecdf617aba7f13a3200356ef6647968d364b535e3d
56,baseline_72,stop_normalized_stress_payoff,conditional_mean,5601,2023-10,0.03082543852724562,93,opencl,opencl:auto,0.0,6e47b143f2e47370400a4691177d80c6cb15f054a147ce94b42823828ce96bd8,e15045cd569e0063cb08cdecdf617aba7f13a3200356ef6647968d364b535e3d
56,baseline_72,stop_normalized_stress_payoff,conditional_mean,5601,2023-11,0.038358139704901206,93,opencl,opencl:auto,0.0,6e47b143f2e47370400a4691177d80c6cb15f054a147ce94b42823828ce96bd8,e15045cd569e0063cb08cdecdf617aba7f13a3200356ef6647968d364b535e3d
56,baseline_72,stop_normalized_stress_payoff,conditional_mean,5601,2023-12,0.029160282977194862,93,opencl,opencl:auto,0.0,6e47b143f2e47370400a4691177d80c6cb15f054a147ce94b42823828ce96bd8,e15045cd569e0063cb08cdecdf617aba7f13a3200356ef6647968d364b535e3d
56,baseline_72,stop_normalized_stress_payoff,conditional_mean,5601,2024-01,0.026181816001977554,93,opencl,opencl:auto,0.0,6e47b143f2e47370400a4691177d80c6cb15f054a147ce94b42823828ce96bd8,e15045cd569e0063cb08cdecdf617aba7f13a3200356ef6647968d364b535e3d
56,baseline_72,stop_normalized_stress_payoff,conditional_mean,5601,2024-02,0.01970981705262398,93,opencl,opencl:auto,0.0,6e47b143f2e47370400a4691177d80c6cb15f054a147ce94b42823828ce96bd8,e15045cd569e0063cb08cdecdf617aba7f13a3200356ef6647968d364b535e3d
56,baseline_72,stop_normalized_stress_payoff,conditional_mean,5601,2024-03,0.02406345798233911,93,opencl,opencl:auto,0.0,6e47b143f2e47370400a4691177d80c6cb15f054a147ce94b42823828ce96bd8,e15045cd569e0063cb08cdecdf617aba7f13a3200356ef6647968d364b535e3d
56,baseline_72,stop_normalized_stress_payoff,conditional_mean,5601,2024-04,0.03482357816840809,93,opencl,opencl:auto,0.0,6e47b143f2e47370400a4691177d80c6cb15f054a147ce94b42823828ce96bd8,e15045cd569e0063cb08cdecdf617aba7f13a3200356ef6647968d364b535e3d
56,baseline_72,stop_normalized_stress_payoff,conditional_mean,5601,2024-05,0.028415712330104537,93,opencl,opencl:auto,0.0,6e47b143f2e47370400a4691177d80c6cb15f054a147ce94b42823828ce96bd8,e15045cd569e0063cb08cdecdf617aba7f13a3200356ef6647968d364b535e3d
56,baseline_72,stop_normalized_stress_payoff,conditional_mean,5601,2024-06,0.01710200278398777,93,opencl,opencl:auto,0.0,6e47b143f2e47370400a4691177d80c6cb15f054a147ce94b42823828ce96bd8,e15045cd569e0063cb08cdecdf617aba7f13a3200356ef6647968d364b535e3d
56,baseline_72,stop_normalized_stress_payoff,conditional_mean,5602,2023-07,0.022011553974264242,88,opencl,opencl:auto,0.0,ba1285e168dad916c24d016c2179051abb420d1b4f77b6fbb3fca484cb3a9ed5,27c4619653009e415e8c6f77786f00cedabe752d5cded8b7285292888e02c4a8
56,baseline_72,stop_normalized_stress_payoff,conditional_mean,5602,2023-08,0.03346792876132654,88,opencl,opencl:auto,0.0,ba1285e168dad916c24d016c2179051abb420d1b4f77b6fbb3fca484cb3a9ed5,27c4619653009e415e8c6f77786f00cedabe752d5cded8b7285292888e02c4a8
56,baseline_72,stop_normalized_stress_payoff,conditional_mean,5602,2023-09,0.023703339969512904,88,opencl,opencl:auto,0.0,ba1285e168dad916c24d016c2179051abb420d1b4f77b6fbb3fca484cb3a9ed5,27c4619653009e415e8c6f77786f00cedabe752d5cded8b7285292888e02c4a8
56,baseline_72,stop_normalized_stress_payoff,conditional_mean,5602,2023-10,0.03017253592026392,88,opencl,opencl:auto,0.0,ba1285e168dad916c24d016c2179051abb420d1b4f77b6fbb3fca484cb3a9ed5,27c4619653009e415e8c6f77786f00cedabe752d5cded8b7285292888e02c4a8
56,baseline_72,stop_normalized_stress_payoff,conditional_mean,5602,2023-11,0.035876222507828515,88,opencl,opencl:auto,0.0,ba1285e168dad916c24d016c2179051abb420d1b4f77b6fbb3fca484cb3a9ed5,27c4619653009e415e8c6f77786f00cedabe752d5cded8b7285292888e02c4a8
56,baseline_72,stop_normalized_stress_payoff,conditional_mean,5602,2023-12,0.027162307039610978,88,opencl,opencl:auto,0.0,ba1285e168dad916c24d016c2179051abb420d1b4f77b6fbb3fca484cb3a9ed5,27c4619653009e415e8c6f77786f00cedabe752d5cded8b7285292888e02c4a8
56,baseline_72,stop_normalized_stress_payoff,conditional_mean,5602,2024-01,0.02367166059090864,88,opencl,opencl:auto,0.0,ba1285e168dad916c24d016c2179051abb420d1b4f77b6fbb3fca484cb3a9ed5,27c4619653009e415e8c6f77786f00cedabe752d5cded8b7285292888e02c4a8
56,baseline_72,stop_normalized_stress_payoff,conditional_mean,5602,2024-02,0.021661384146459572,88,opencl,opencl:auto,0.0,ba1285e168dad916c24d016c2179051abb420d1b4f77b6fbb3fca484cb3a9ed5,27c4619653009e415e8c6f77786f00cedabe752d5cded8b7285292888e02c4a8
56,baseline_72,stop_normalized_stress_payoff,conditional_mean,5602,2024-03,0.02348773000069304,88,opencl,opencl:auto,0.0,ba1285e168dad916c24d016c2179051abb420d1b4f77b6fbb3fca484cb3a9ed5,27c4619653009e415e8c6f77786f00cedabe752d5cded8b7285292888e02c4a8
56,baseline_72,stop_normalized_stress_payoff,conditional_mean,5602,2024-04,0.03611235711972105,88,opencl,opencl:auto,0.0,ba1285e168dad916c24d016c2179051abb420d1b4f77b6fbb3fca484cb3a9ed5,27c4619653009e415e8c6f77786f00cedabe752d5cded8b7285292888e02c4a8
56,baseline_72,stop_normalized_stress_payoff,conditional_mean,5602,2024-05,0.029649036508064386,88,opencl,opencl:auto,0.0,ba1285e168dad916c24d016c2179051abb420d1b4f77b6fbb3fca484cb3a9ed5,27c4619653009e415e8c6f77786f00cedabe752d5cded8b7285292888e02c4a8
56,baseline_72,stop_normalized_stress_payoff,conditional_mean,5602,2024-06,0.02163052283287681,88,opencl,opencl:auto,0.0,ba1285e168dad916c24d016c2179051abb420d1b4f77b6fbb3fca484cb3a9ed5,27c4619653009e415e8c6f77786f00cedabe752d5cded8b7285292888e02c4a8
56,baseline_72,stop_normalized_stress_payoff,conditional_mean,5603,2023-07,0.02122384457385751,78,opencl,opencl:auto,0.0,9f06bc3ed5c31349192577fa229b3880d109c214148f3ae0f769e55b3e25664e,908d36585478e177a7b731d24e890ddfebd54df3217eaca2b860ef6172a51d33
56,baseline_72,stop_normalized_stress_payoff,conditional_mean,5603,2023-08,0.03636188182997602,78,opencl,opencl:auto,0.0,9f06bc3ed5c31349192577fa229b3880d109c214148f3ae0f769e55b3e25664e,908d36585478e177a7b731d24e890ddfebd54df3217eaca2b860ef6172a51d33
56,baseline_72,stop_normalized_stress_payoff,conditional_mean,5603,2023-09,0.03068821562357338,78,opencl,opencl:auto,0.0,9f06bc3ed5c31349192577fa229b3880d109c214148f3ae0f769e55b3e25664e,908d36585478e177a7b731d24e890ddfebd54df3217eaca2b860ef6172a51d33
56,baseline_72,stop_normalized_stress_payoff,conditional_mean,5603,2023-10,0.02987665273912321,78,opencl,opencl:auto,0.0,9f06bc3ed5c31349192577fa229b3880d109c214148f3ae0f769e55b3e25664e,908d36585478e177a7b731d24e890ddfebd54df3217eaca2b860ef6172a51d33
56,baseline_72,stop_normalized_stress_payoff,conditional_mean,5603,2023-11,0.03753951991999982,78,opencl,opencl:auto,0.0,9f06bc3ed5c31349192577fa229b3880d109c214148f3ae0f769e55b3e25664e,908d36585478e177a7b731d24e890ddfebd54df3217eaca2b860ef6172a51d33
56,baseline_72,stop_normalized_stress_payoff,conditional_mean,5603,2023-12,0.030030444307474258,78,opencl,opencl:auto,0.0,9f06bc3ed5c31349192577fa229b3880d109c214148f3ae0f769e55b3e25664e,908d36585478e177a7b731d24e890ddfebd54df3217eaca2b860ef6172a51d33
56,baseline_72,stop_normalized_stress_payoff,conditional_mean,5603,2024-01,0.0241580090000465,78,opencl,opencl:auto,0.0,9f06bc3ed5c31349192577fa229b3880d109c214148f3ae0f769e55b3e25664e,908d36585478e177a7b731d24e890ddfebd54df3217eaca2b860ef6172a51d33
56,baseline_72,stop_normalized_stress_payoff,conditional_mean,5603,2024-02,0.02182757095712018,78,opencl,opencl:auto,0.0,9f06bc3ed5c31349192577fa229b3880d109c214148f3ae0f769e55b3e25664e,908d36585478e177a7b731d24e890ddfebd54df3217eaca2b860ef6172a51d33
56,baseline_72,stop_normalized_stress_payoff,conditional_mean,5603,2024-03,0.023527587657245386,78,opencl,opencl:auto,0.0,9f06bc3ed5c31349192577fa229b3880d109c214148f3ae0f769e55b3e25664e,908d36585478e177a7b731d24e890ddfebd54df3217eaca2b860ef6172a51d33
56,baseline_72,stop_normalized_stress_payoff,conditional_mean,5603,2024-04,0.03372761454459661,78,opencl,opencl:auto,0.0,9f06bc3ed5c31349192577fa229b3880d109c214148f3ae0f769e55b3e25664e,908d36585478e177a7b731d24e890ddfebd54df3217eaca2b860ef6172a51d33
56,baseline_72,stop_normalized_stress_payoff,conditional_mean,5603,2024-05,0.030093482257442017,78,opencl,opencl:auto,0.0,9f06bc3ed5c31349192577fa229b3880d109c214148f3ae0f769e55b3e25664e,908d36585478e177a7b731d24e890ddfebd54df3217eaca2b860ef6172a51d33
56,baseline_72,stop_normalized_stress_payoff,conditional_mean,5603,2024-06,0.012894177511229676,78,opencl,opencl:auto,0.0,9f06bc3ed5c31349192577fa229b3880d109c214148f3ae0f769e55b3e25664e,908d36585478e177a7b731d24e890ddfebd54df3217eaca2b860ef6172a51d33
56,baseline_72,stop_normalized_stress_payoff,lower_tail_q20,5601,2023-07,0.05003198852183777,332,opencl,opencl:auto,0.0,f1897e94541f748c05710465bc5389c34379c85ec2458ad74e5cc435b49cbe39,363f9a5d15dc30c87dcef88bbfce5ca57fe954191d7d3fa2420c15add6be1edf
56,baseline_72,stop_normalized_stress_payoff,lower_tail_q20,5601,2023-08,0.06386328875706282,332,opencl,opencl:auto,0.0,f1897e94541f748c05710465bc5389c34379c85ec2458ad74e5cc435b49cbe39,363f9a5d15dc30c87dcef88bbfce5ca57fe954191d7d3fa2420c15add6be1edf
56,baseline_72,stop_normalized_stress_payoff,lower_tail_q20,5601,2023-09,0.06397513667458354,332,opencl,opencl:auto,0.0,f1897e94541f748c05710465bc5389c34379c85ec2458ad74e5cc435b49cbe39,363f9a5d15dc30c87dcef88bbfce5ca57fe954191d7d3fa2420c15add6be1edf
56,baseline_72,stop_normalized_stress_payoff,lower_tail_q20,5601,2023-10,0.057161602837746184,332,opencl,opencl:auto,0.0,f1897e94541f748c05710465bc5389c34379c85ec2458ad74e5cc435b49cbe39,363f9a5d15dc30c87dcef88bbfce5ca57fe954191d7d3fa2420c15add6be1edf
56,baseline_72,stop_normalized_stress_payoff,lower_tail_q20,5601,2023-11,0.04172546546039724,332,opencl,opencl:auto,0.0,f1897e94541f748c05710465bc5389c34379c85ec2458ad74e5cc435b49cbe39,363f9a5d15dc30c87dcef88bbfce5ca57fe954191d7d3fa2420c15add6be1edf
56,baseline_72,stop_normalized_stress_payoff,lower_tail_q20,5601,2023-12,0.034574362708232664,332,opencl,opencl:auto,0.0,f1897e94541f748c05710465bc5389c34379c85ec2458ad74e5cc435b49cbe39,363f9a5d15dc30c87dcef88bbfce5ca57fe954191d7d3fa2420c15add6be1edf
56,baseline_72,stop_normalized_stress_payoff,lower_tail_q20,5601,2024-01,0.03710104560213867,332,opencl,opencl:auto,0.0,f1897e94541f748c05710465bc5389c34379c85ec2458ad74e5cc435b49cbe39,363f9a5d15dc30c87dcef88bbfce5ca57fe954191d7d3fa2420c15add6be1edf
56,baseline_72,stop_normalized_stress_payoff,lower_tail_q20,5601,2024-02,0.042299085452963237,332,opencl,opencl:auto,0.0,f1897e94541f748c05710465bc5389c34379c85ec2458ad74e5cc435b49cbe39,363f9a5d15dc30c87dcef88bbfce5ca57fe954191d7d3fa2420c15add6be1edf
56,baseline_72,stop_normalized_stress_payoff,lower_tail_q20,5601,2024-03,0.032347895249897896,332,opencl,opencl:auto,0.0,f1897e94541f748c05710465bc5389c34379c85ec2458ad74e5cc435b49cbe39,363f9a5d15dc30c87dcef88bbfce5ca57fe954191d7d3fa2420c15add6be1edf
56,baseline_72,stop_normalized_stress_payoff,lower_tail_q20,5601,2024-04,0.06046846483693835,332,opencl,opencl:auto,0.0,f1897e94541f748c05710465bc5389c34379c85ec2458ad74e5cc435b49cbe39,363f9a5d15dc30c87dcef88bbfce5ca57fe954191d7d3fa2420c15add6be1edf
56,baseline_72,stop_normalized_stress_payoff,lower_tail_q20,5601,2024-05,0.05892882476560368,332,opencl,opencl:auto,0.0,f1897e94541f748c05710465bc5389c34379c85ec2458ad74e5cc435b49cbe39,363f9a5d15dc30c87dcef88bbfce5ca57fe954191d7d3fa2420c15add6be1edf
56,baseline_72,stop_normalized_stress_payoff,lower_tail_q20,5601,2024-06,0.04031300682361816,332,opencl,opencl:auto,0.0,f1897e94541f748c05710465bc5389c34379c85ec2458ad74e5cc435b49cbe39,363f9a5d15dc30c87dcef88bbfce5ca57fe954191d7d3fa2420c15add6be1edf
56,baseline_72,stop_normalized_stress_payoff,lower_tail_q20,5602,2023-07,0.05126904494610396,356,opencl,opencl:auto,0.0,6042aa826b11850222e255df586d21a71f71c1f19a8e85e01026ce634398da41,c0e9f585a75e7dadf629af599b809e4cd7a31dd63dd253ed8a719a25ca2c4ea2
56,baseline_72,stop_normalized_stress_payoff,lower_tail_q20,5602,2023-08,0.06461966526731222,356,opencl,opencl:auto,0.0,6042aa826b11850222e255df586d21a71f71c1f19a8e85e01026ce634398da41,c0e9f585a75e7dadf629af599b809e4cd7a31dd63dd253ed8a719a25ca2c4ea2
56,baseline_72,stop_normalized_stress_payoff,lower_tail_q20,5602,2023-09,0.0624294566530863,356,opencl,opencl:auto,0.0,6042aa826b11850222e255df586d21a71f71c1f19a8e85e01026ce634398da41,c0e9f585a75e7dadf629af599b809e4cd7a31dd63dd253ed8a719a25ca2c4ea2
56,baseline_72,stop_normalized_stress_payoff,lower_tail_q20,5602,2023-10,0.05681420782368918,356,opencl,opencl:auto,0.0,6042aa826b11850222e255df586d21a71f71c1f19a8e85e01026ce634398da41,c0e9f585a75e7dadf629af599b809e4cd7a31dd63dd253ed8a719a25ca2c4ea2
56,baseline_72,stop_normalized_stress_payoff,lower_tail_q20,5602,2023-11,0.04254702384151521,356,opencl,opencl:auto,0.0,6042aa826b11850222e255df586d21a71f71c1f19a8e85e01026ce634398da41,c0e9f585a75e7dadf629af599b809e4cd7a31dd63dd253ed8a719a25ca2c4ea2
56,baseline_72,stop_normalized_stress_payoff,lower_tail_q20,5602,2023-12,0.03478819709980352,356,opencl,opencl:auto,0.0,6042aa826b11850222e255df586d21a71f71c1f19a8e85e01026ce634398da41,c0e9f585a75e7dadf629af599b809e4cd7a31dd63dd253ed8a719a25ca2c4ea2
56,baseline_72,stop_normalized_stress_payoff,lower_tail_q20,5602,2024-01,0.03821989355282185,356,opencl,opencl:auto,0.0,6042aa826b11850222e255df586d21a71f71c1f19a8e85e01026ce634398da41,c0e9f585a75e7dadf629af599b809e4cd7a31dd63dd253ed8a719a25ca2c4ea2
56,baseline_72,stop_normalized_stress_payoff,lower_tail_q20,5602,2024-02,0.043997704955865746,356,opencl,opencl:auto,0.0,6042aa826b11850222e255df586d21a71f71c1f19a8e85e01026ce634398da41,c0e9f585a75e7dadf629af599b809e4cd7a31dd63dd253ed8a719a25ca2c4ea2
56,baseline_72,stop_normalized_stress_payoff,lower_tail_q20,5602,2024-03,0.033095758363445804,356,opencl,opencl:auto,0.0,6042aa826b11850222e255df586d21a71f71c1f19a8e85e01026ce634398da41,c0e9f585a75e7dadf629af599b809e4cd7a31dd63dd253ed8a719a25ca2c4ea2
56,baseline_72,stop_normalized_stress_payoff,lower_tail_q20,5602,2024-04,0.05903458014294771,356,opencl,opencl:auto,0.0,6042aa826b11850222e255df586d21a71f71c1f19a8e85e01026ce634398da41,c0e9f585a75e7dadf629af599b809e4cd7a31dd63dd253ed8a719a25ca2c4ea2
56,baseline_72,stop_normalized_stress_payoff,lower_tail_q20,5602,2024-05,0.06034644580541637,356,opencl,opencl:auto,0.0,6042aa826b11850222e255df586d21a71f71c1f19a8e85e01026ce634398da41,c0e9f585a75e7dadf629af599b809e4cd7a31dd63dd253ed8a719a25ca2c4ea2
56,baseline_72,stop_normalized_stress_payoff,lower_tail_q20,5602,2024-06,0.043060094488994616,356,opencl,opencl:auto,0.0,6042aa826b11850222e255df586d21a71f71c1f19a8e85e01026ce634398da41,c0e9f585a75e7dadf629af599b809e4cd7a31dd63dd253ed8a719a25ca2c4ea2
56,baseline_72,stop_normalized_stress_payoff,lower_tail_q20,5603,2023-07,0.051377324392156365,329,opencl,opencl:auto,0.0,501615cf0058aed2cdc418868579f1620e4dddb789aec888f46cc41d3a576359,be8af2317fe3cbf6e677e780a94c53886e08001711bf0bec1298e908237d8116
56,baseline_72,stop_normalized_stress_payoff,lower_tail_q20,5603,2023-08,0.0660391173325886,329,opencl,opencl:auto,0.0,501615cf0058aed2cdc418868579f1620e4dddb789aec888f46cc41d3a576359,be8af2317fe3cbf6e677e780a94c53886e08001711bf0bec1298e908237d8116
56,baseline_72,stop_normalized_stress_payoff,lower_tail_q20,5603,2023-09,0.06401962463416666,329,opencl,opencl:auto,0.0,501615cf0058aed2cdc418868579f1620e4dddb789aec888f46cc41d3a576359,be8af2317fe3cbf6e677e780a94c53886e08001711bf0bec1298e908237d8116
56,baseline_72,stop_normalized_stress_payoff,lower_tail_q20,5603,2023-10,0.056648771598225234,329,opencl,opencl:auto,0.0,501615cf0058aed2cdc418868579f1620e4dddb789aec888f46cc41d3a576359,be8af2317fe3cbf6e677e780a94c53886e08001711bf0bec1298e908237d8116
56,baseline_72,stop_normalized_stress_payoff,lower_tail_q20,5603,2023-11,0.04218474743757206,329,opencl,opencl:auto,0.0,501615cf0058aed2cdc418868579f1620e4dddb789aec888f46cc41d3a576359,be8af2317fe3cbf6e677e780a94c53886e08001711bf0bec1298e908237d8116
56,baseline_72,stop_normalized_stress_payoff,lower_tail_q20,5603,2023-12,0.03524788142977986,329,opencl,opencl:auto,0.0,501615cf0058aed2cdc418868579f1620e4dddb789aec888f46cc41d3a576359,be8af2317fe3cbf6e677e780a94c53886e08001711bf0bec1298e908237d8116
56,baseline_72,stop_normalized_stress_payoff,lower_tail_q20,5603,2024-01,0.03725973200567645,329,opencl,opencl:auto,0.0,501615cf0058aed2cdc418868579f1620e4dddb789aec888f46cc41d3a576359,be8af2317fe3cbf6e677e780a94c53886e08001711bf0bec1298e908237d8116
56,baseline_72,stop_normalized_stress_payoff,lower_tail_q20,5603,2024-02,0.04095894020074242,329,opencl,opencl:auto,0.0,501615cf0058aed2cdc418868579f1620e4dddb789aec888f46cc41d3a576359,be8af2317fe3cbf6e677e780a94c53886e08001711bf0bec1298e908237d8116
56,baseline_72,stop_normalized_stress_payoff,lower_tail_q20,5603,2024-03,0.03503275071741507,329,opencl,opencl:auto,0.0,501615cf0058aed2cdc418868579f1620e4dddb789aec888f46cc41d3a576359,be8af2317fe3cbf6e677e780a94c53886e08001711bf0bec1298e908237d8116
56,baseline_72,stop_normalized_stress_payoff,lower_tail_q20,5603,2024-04,0.059373760765257355,329,opencl,opencl:auto,0.0,501615cf0058aed2cdc418868579f1620e4dddb789aec888f46cc41d3a576359,be8af2317fe3cbf6e677e780a94c53886e08001711bf0bec1298e908237d8116
56,baseline_72,stop_normalized_stress_payoff,lower_tail_q20,5603,2024-05,0.05887991135099502,329,opencl,opencl:auto,0.0,501615cf0058aed2cdc418868579f1620e4dddb789aec888f46cc41d3a576359,be8af2317fe3cbf6e677e780a94c53886e08001711bf0bec1298e908237d8116
56,baseline_72,stop_normalized_stress_payoff,lower_tail_q20,5603,2024-06,0.043713068033567115,329,opencl,opencl:auto,0.0,501615cf0058aed2cdc418868579f1620e4dddb789aec888f46cc41d3a576359,be8af2317fe3cbf6e677e780a94c53886e08001711bf0bec1298e908237d8116
56,ai_program_augmented,raw_stress_payoff,conditional_mean,5601,2023-07,-2.2327666530097545e-05,33,opencl,opencl:auto,0.0,45d438215534c54af2c6f424d1783dfad4e9d3382bf668d94c573f4e458c17e7,4ff8071a3ebb0a7430d9898f10eec71530e401d885ff21edd926a440b6f976b4
56,ai_program_augmented,raw_stress_payoff,conditional_mean,5601,2023-08,0.0021471059217447186,33,opencl,opencl:auto,0.0,45d438215534c54af2c6f424d1783dfad4e9d3382bf668d94c573f4e458c17e7,4ff8071a3ebb0a7430d9898f10eec71530e401d885ff21edd926a440b6f976b4
56,ai_program_augmented,raw_stress_payoff,conditional_mean,5601,2023-09,-0.004730490561050571,33,opencl,opencl:auto,0.0,45d438215534c54af2c6f424d1783dfad4e9d3382bf668d94c573f4e458c17e7,4ff8071a3ebb0a7430d9898f10eec71530e401d885ff21edd926a440b6f976b4
56,ai_program_augmented,raw_stress_payoff,conditional_mean,5601,2023-10,0.004398690355152612,33,opencl,opencl:auto,0.0,45d438215534c54af2c6f424d1783dfad4e9d3382bf668d94c573f4e458c17e7,4ff8071a3ebb0a7430d9898f10eec71530e401d885ff21edd926a440b6f976b4
56,ai_program_augmented,raw_stress_payoff,conditional_mean,5601,2023-11,0.00814997820741259,33,opencl,opencl:auto,0.0,45d438215534c54af2c6f424d1783dfad4e9d3382bf668d94c573f4e458c17e7,4ff8071a3ebb0a7430d9898f10eec71530e401d885ff21edd926a440b6f976b4
56,ai_program_augmented,raw_stress_payoff,conditional_mean,5601,2023-12,-0.005895731307667296,33,opencl,opencl:auto,0.0,45d438215534c54af2c6f424d1783dfad4e9d3382bf668d94c573f4e458c17e7,4ff8071a3ebb0a7430d9898f10eec71530e401d885ff21edd926a440b6f976b4
56,ai_program_augmented,raw_stress_payoff,conditional_mean,5601,2024-01,-0.0002637817854818092,33,opencl,opencl:auto,0.0,45d438215534c54af2c6f424d1783dfad4e9d3382bf668d94c573f4e458c17e7,4ff8071a3ebb0a7430d9898f10eec71530e401d885ff21edd926a440b6f976b4
56,ai_program_augmented,raw_stress_payoff,conditional_mean,5601,2024-02,0.0002360929313859339,33,opencl,opencl:auto,0.0,45d438215534c54af2c6f424d1783dfad4e9d3382bf668d94c573f4e458c17e7,4ff8071a3ebb0a7430d9898f10eec71530e401d885ff21edd926a440b6f976b4
56,ai_program_augmented,raw_stress_payoff,conditional_mean,5601,2024-03,0.00027769788490572545,33,opencl,opencl:auto,0.0,45d438215534c54af2c6f424d1783dfad4e9d3382bf668d94c573f4e458c17e7,4ff8071a3ebb0a7430d9898f10eec71530e401d885ff21edd926a440b6f976b4
56,ai_program_augmented,raw_stress_payoff,conditional_mean,5601,2024-04,-0.00010202025045025209,33,opencl,opencl:auto,0.0,45d438215534c54af2c6f424d1783dfad4e9d3382bf668d94c573f4e458c17e7,4ff8071a3ebb0a7430d9898f10eec71530e401d885ff21edd926a440b6f976b4
56,ai_program_augmented,raw_stress_payoff,conditional_mean,5601,2024-05,0.0013746709000944657,33,opencl,opencl:auto,0.0,45d438215534c54af2c6f424d1783dfad4e9d3382bf668d94c573f4e458c17e7,4ff8071a3ebb0a7430d9898f10eec71530e401d885ff21edd926a440b6f976b4
56,ai_program_augmented,raw_stress_payoff,conditional_mean,5601,2024-06,-0.005292184613146844,33,opencl,opencl:auto,0.0,45d438215534c54af2c6f424d1783dfad4e9d3382bf668d94c573f4e458c17e7,4ff8071a3ebb0a7430d9898f10eec71530e401d885ff21edd926a440b6f976b4
56,ai_program_augmented,raw_stress_payoff,conditional_mean,5602,2023-07,-4.928573969165129e-05,46,opencl,opencl:auto,0.0,090c225b7e850d89d0e599d8eff38b87a9255e3bfc148c6bbdb94ea6d1ed1c4b,ed53fd8d0befe72eb74ddad8460c8a64a9b437acae9e95d27f78f0d7735d4428
56,ai_program_augmented,raw_stress_payoff,conditional_mean,5602,2023-08,0.0014507208741452171,46,opencl,opencl:auto,0.0,090c225b7e850d89d0e599d8eff38b87a9255e3bfc148c6bbdb94ea6d1ed1c4b,ed53fd8d0befe72eb74ddad8460c8a64a9b437acae9e95d27f78f0d7735d4428
56,ai_program_augmented,raw_stress_payoff,conditional_mean,5602,2023-09,-0.006276229983307013,46,opencl,opencl:auto,0.0,090c225b7e850d89d0e599d8eff38b87a9255e3bfc148c6bbdb94ea6d1ed1c4b,ed53fd8d0befe72eb74ddad8460c8a64a9b437acae9e95d27f78f0d7735d4428
56,ai_program_augmented,raw_stress_payoff,conditional_mean,5602,2023-10,0.006275026093531366,46,opencl,opencl:auto,0.0,090c225b7e850d89d0e599d8eff38b87a9255e3bfc148c6bbdb94ea6d1ed1c4b,ed53fd8d0befe72eb74ddad8460c8a64a9b437acae9e95d27f78f0d7735d4428
56,ai_program_augmented,raw_stress_payoff,conditional_mean,5602,2023-11,0.012968236438399283,46,opencl,opencl:auto,0.0,090c225b7e850d89d0e599d8eff38b87a9255e3bfc148c6bbdb94ea6d1ed1c4b,ed53fd8d0befe72eb74ddad8460c8a64a9b437acae9e95d27f78f0d7735d4428
56,ai_program_augmented,raw_stress_payoff,conditional_mean,5602,2023-12,-0.004272621585888814,46,opencl,opencl:auto,0.0,090c225b7e850d89d0e599d8eff38b87a9255e3bfc148c6bbdb94ea6d1ed1c4b,ed53fd8d0befe72eb74ddad8460c8a64a9b437acae9e95d27f78f0d7735d4428
56,ai_program_augmented,raw_stress_payoff,conditional_mean,5602,2024-01,-0.0014725409148126367,46,opencl,opencl:auto,0.0,090c225b7e850d89d0e599d8eff38b87a9255e3bfc148c6bbdb94ea6d1ed1c4b,ed53fd8d0befe72eb74ddad8460c8a64a9b437acae9e95d27f78f0d7735d4428
56,ai_program_augmented,raw_stress_payoff,conditional_mean,5602,2024-02,0.0003617105609000637,46,opencl,opencl:auto,0.0,090c225b7e850d89d0e599d8eff38b87a9255e3bfc148c6bbdb94ea6d1ed1c4b,ed53fd8d0befe72eb74ddad8460c8a64a9b437acae9e95d27f78f0d7735d4428
56,ai_program_augmented,raw_stress_payoff,conditional_mean,5602,2024-03,-0.0001798257903047329,46,opencl,opencl:auto,0.0,090c225b7e850d89d0e599d8eff38b87a9255e3bfc148c6bbdb94ea6d1ed1c4b,ed53fd8d0befe72eb74ddad8460c8a64a9b437acae9e95d27f78f0d7735d4428
56,ai_program_augmented,raw_stress_payoff,conditional_mean,5602,2024-04,0.00021847110444583873,46,opencl,opencl:auto,0.0,090c225b7e850d89d0e599d8eff38b87a9255e3bfc148c6bbdb94ea6d1ed1c4b,ed53fd8d0befe72eb74ddad8460c8a64a9b437acae9e95d27f78f0d7735d4428
56,ai_program_augmented,raw_stress_payoff,conditional_mean,5602,2024-05,0.0022759942310061065,46,opencl,opencl:auto,0.0,090c225b7e850d89d0e599d8eff38b87a9255e3bfc148c6bbdb94ea6d1ed1c4b,ed53fd8d0befe72eb74ddad8460c8a64a9b437acae9e95d27f78f0d7735d4428
56,ai_program_augmented,raw_stress_payoff,conditional_mean,5602,2024-06,-0.006403962564454746,46,opencl,opencl:auto,0.0,090c225b7e850d89d0e599d8eff38b87a9255e3bfc148c6bbdb94ea6d1ed1c4b,ed53fd8d0befe72eb74ddad8460c8a64a9b437acae9e95d27f78f0d7735d4428
56,ai_program_augmented,raw_stress_payoff,conditional_mean,5603,2023-07,0.00018120015873568374,20,opencl,opencl:auto,0.0,88a8fff12e89f27af76d7e3038d6fdf0d7f45ca2863ca8c8e2b943edbe764ee2,54228eb96909fc2c5aaeff78f061095edb0441ad7c942100bc687b30ba46d40c
56,ai_program_augmented,raw_stress_payoff,conditional_mean,5603,2023-08,-0.0006068452142706793,20,opencl,opencl:auto,0.0,88a8fff12e89f27af76d7e3038d6fdf0d7f45ca2863ca8c8e2b943edbe764ee2,54228eb96909fc2c5aaeff78f061095edb0441ad7c942100bc687b30ba46d40c
56,ai_program_augmented,raw_stress_payoff,conditional_mean,5603,2023-09,0.00024119742730988047,20,opencl,opencl:auto,0.0,88a8fff12e89f27af76d7e3038d6fdf0d7f45ca2863ca8c8e2b943edbe764ee2,54228eb96909fc2c5aaeff78f061095edb0441ad7c942100bc687b30ba46d40c
56,ai_program_augmented,raw_stress_payoff,conditional_mean,5603,2023-10,0.004497174319458952,20,opencl,opencl:auto,0.0,88a8fff12e89f27af76d7e3038d6fdf0d7f45ca2863ca8c8e2b943edbe764ee2,54228eb96909fc2c5aaeff78f061095edb0441ad7c942100bc687b30ba46d40c
56,ai_program_augmented,raw_stress_payoff,conditional_mean,5603,2023-11,0.011190382837395818,20,opencl,opencl:auto,0.0,88a8fff12e89f27af76d7e3038d6fdf0d7f45ca2863ca8c8e2b943edbe764ee2,54228eb96909fc2c5aaeff78f061095edb0441ad7c942100bc687b30ba46d40c
56,ai_program_augmented,raw_stress_payoff,conditional_mean,5603,2023-12,-0.0051143113216078895,20,opencl,opencl:auto,0.0,88a8fff12e89f27af76d7e3038d6fdf0d7f45ca2863ca8c8e2b943edbe764ee2,54228eb96909fc2c5aaeff78f061095edb0441ad7c942100bc687b30ba46d40c
56,ai_program_augmented,raw_stress_payoff,conditional_mean,5603,2024-01,-0.00010072965076601825,20,opencl,opencl:auto,0.0,88a8fff12e89f27af76d7e3038d6fdf0d7f45ca2863ca8c8e2b943edbe764ee2,54228eb96909fc2c5aaeff78f061095edb0441ad7c942100bc687b30ba46d40c
56,ai_program_augmented,raw_stress_payoff,conditional_mean,5603,2024-02,1.2555741821240751e-05,20,opencl,opencl:auto,0.0,88a8fff12e89f27af76d7e3038d6fdf0d7f45ca2863ca8c8e2b943edbe764ee2,54228eb96909fc2c5aaeff78f061095edb0441ad7c942100bc687b30ba46d40c
56,ai_program_augmented,raw_stress_payoff,conditional_mean,5603,2024-03,-0.00012797567397360154,20,opencl,opencl:auto,0.0,88a8fff12e89f27af76d7e3038d6fdf0d7f45ca2863ca8c8e2b943edbe764ee2,54228eb96909fc2c5aaeff78f061095edb0441ad7c942100bc687b30ba46d40c
56,ai_program_augmented,raw_stress_payoff,conditional_mean,5603,2024-04,0.0003543837527671956,20,opencl,opencl:auto,0.0,88a8fff12e89f27af76d7e3038d6fdf0d7f45ca2863ca8c8e2b943edbe764ee2,54228eb96909fc2c5aaeff78f061095edb0441ad7c942100bc687b30ba46d40c
56,ai_program_augmented,raw_stress_payoff,conditional_mean,5603,2024-05,0.0014964943494467642,20,opencl,opencl:auto,0.0,88a8fff12e89f27af76d7e3038d6fdf0d7f45ca2863ca8c8e2b943edbe764ee2,54228eb96909fc2c5aaeff78f061095edb0441ad7c942100bc687b30ba46d40c
56,ai_program_augmented,raw_stress_payoff,conditional_mean,5603,2024-06,-0.006573376357497773,20,opencl,opencl:auto,0.0,88a8fff12e89f27af76d7e3038d6fdf0d7f45ca2863ca8c8e2b943edbe764ee2,54228eb96909fc2c5aaeff78f061095edb0441ad7c942100bc687b30ba46d40c
56,ai_program_augmented,raw_stress_payoff,lower_tail_q20,5601,2023-07,0.19146505481060727,358,opencl,opencl:auto,0.0,5e1b03dc4cbd0cb47028675d6372ed1bd80bd94dffe6943e9de8ffec4cc4d506,f1e849b141bd509b9ebf33321bdc221fe76874d4100d7c58e640794e67879583
56,ai_program_augmented,raw_stress_payoff,lower_tail_q20,5601,2023-08,0.2186987238575172,358,opencl,opencl:auto,0.0,5e1b03dc4cbd0cb47028675d6372ed1bd80bd94dffe6943e9de8ffec4cc4d506,f1e849b141bd509b9ebf33321bdc221fe76874d4100d7c58e640794e67879583
56,ai_program_augmented,raw_stress_payoff,lower_tail_q20,5601,2023-09,0.17673192782671243,358,opencl,opencl:auto,0.0,5e1b03dc4cbd0cb47028675d6372ed1bd80bd94dffe6943e9de8ffec4cc4d506,f1e849b141bd509b9ebf33321bdc221fe76874d4100d7c58e640794e67879583
56,ai_program_augmented,raw_stress_payoff,lower_tail_q20,5601,2023-10,0.10342453006661156,358,opencl,opencl:auto,0.0,5e1b03dc4cbd0cb47028675d6372ed1bd80bd94dffe6943e9de8ffec4cc4d506,f1e849b141bd509b9ebf33321bdc221fe76874d4100d7c58e640794e67879583
56,ai_program_augmented,raw_stress_payoff,lower_tail_q20,5601,2023-11,0.13308700127381923,358,opencl,opencl:auto,0.0,5e1b03dc4cbd0cb47028675d6372ed1bd80bd94dffe6943e9de8ffec4cc4d506,f1e849b141bd509b9ebf33321bdc221fe76874d4100d7c58e640794e67879583
56,ai_program_augmented,raw_stress_payoff,lower_tail_q20,5601,2023-12,0.09027063399330881,358,opencl,opencl:auto,0.0,5e1b03dc4cbd0cb47028675d6372ed1bd80bd94dffe6943e9de8ffec4cc4d506,f1e849b141bd509b9ebf33321bdc221fe76874d4100d7c58e640794e67879583
56,ai_program_augmented,raw_stress_payoff,lower_tail_q20,5601,2024-01,0.08468205332888867,358,opencl,opencl:auto,0.0,5e1b03dc4cbd0cb47028675d6372ed1bd80bd94dffe6943e9de8ffec4cc4d506,f1e849b141bd509b9ebf33321bdc221fe76874d4100d7c58e640794e67879583
56,ai_program_augmented,raw_stress_payoff,lower_tail_q20,5601,2024-02,0.062241324415150845,358,opencl,opencl:auto,0.0,5e1b03dc4cbd0cb47028675d6372ed1bd80bd94dffe6943e9de8ffec4cc4d506,f1e849b141bd509b9ebf33321bdc221fe76874d4100d7c58e640794e67879583
56,ai_program_augmented,raw_stress_payoff,lower_tail_q20,5601,2024-03,0.10665355820089184,358,opencl,opencl:auto,0.0,5e1b03dc4cbd0cb47028675d6372ed1bd80bd94dffe6943e9de8ffec4cc4d506,f1e849b141bd509b9ebf33321bdc221fe76874d4100d7c58e640794e67879583
56,ai_program_augmented,raw_stress_payoff,lower_tail_q20,5601,2024-04,0.0804887242872816,358,opencl,opencl:auto,0.0,5e1b03dc4cbd0cb47028675d6372ed1bd80bd94dffe6943e9de8ffec4cc4d506,f1e849b141bd509b9ebf33321bdc221fe76874d4100d7c58e640794e67879583
56,ai_program_augmented,raw_stress_payoff,lower_tail_q20,5601,2024-05,0.059845641325278254,358,opencl,opencl:auto,0.0,5e1b03dc4cbd0cb47028675d6372ed1bd80bd94dffe6943e9de8ffec4cc4d506,f1e849b141bd509b9ebf33321bdc221fe76874d4100d7c58e640794e67879583
56,ai_program_augmented,raw_stress_payoff,lower_tail_q20,5601,2024-06,0.0952062260828479,358,opencl,opencl:auto,0.0,5e1b03dc4cbd0cb47028675d6372ed1bd80bd94dffe6943e9de8ffec4cc4d506,f1e849b141bd509b9ebf33321bdc221fe76874d4100d7c58e640794e67879583
56,ai_program_augmented,raw_stress_payoff,lower_tail_q20,5602,2023-07,0.19368716745818315,273,opencl,opencl:auto,0.0,497c140f54124cda19a32543cf0f05cfdf720ed44487b0b0d355fe8973122b44,f30ccf1960de3fb2da3d093b3ae992d66c3d30fa1ca9eebb3070b159fc42b5a5
56,ai_program_augmented,raw_stress_payoff,lower_tail_q20,5602,2023-08,0.21882390816380826,273,opencl,opencl:auto,0.0,497c140f54124cda19a32543cf0f05cfdf720ed44487b0b0d355fe8973122b44,f30ccf1960de3fb2da3d093b3ae992d66c3d30fa1ca9eebb3070b159fc42b5a5
56,ai_program_augmented,raw_stress_payoff,lower_tail_q20,5602,2023-09,0.18131151327615158,273,opencl,opencl:auto,0.0,497c140f54124cda19a32543cf0f05cfdf720ed44487b0b0d355fe8973122b44,f30ccf1960de3fb2da3d093b3ae992d66c3d30fa1ca9eebb3070b159fc42b5a5
56,ai_program_augmented,raw_stress_payoff,lower_tail_q20,5602,2023-10,0.10382028133055055,273,opencl,opencl:auto,0.0,497c140f54124cda19a32543cf0f05cfdf720ed44487b0b0d355fe8973122b44,f30ccf1960de3fb2da3d093b3ae992d66c3d30fa1ca9eebb3070b159fc42b5a5
56,ai_program_augmented,raw_stress_payoff,lower_tail_q20,5602,2023-11,0.13450702893351785,273,opencl,opencl:auto,0.0,497c140f54124cda19a32543cf0f05cfdf720ed44487b0b0d355fe8973122b44,f30ccf1960de3fb2da3d093b3ae992d66c3d30fa1ca9eebb3070b159fc42b5a5
56,ai_program_augmented,raw_stress_payoff,lower_tail_q20,5602,2023-12,0.08926867122663429,273,opencl,opencl:auto,0.0,497c140f54124cda19a32543cf0f05cfdf720ed44487b0b0d355fe8973122b44,f30ccf1960de3fb2da3d093b3ae992d66c3d30fa1ca9eebb3070b159fc42b5a5
56,ai_program_augmented,raw_stress_payoff,lower_tail_q20,5602,2024-01,0.08580853309338987,273,opencl,opencl:auto,0.0,497c140f54124cda19a32543cf0f05cfdf720ed44487b0b0d355fe8973122b44,f30ccf1960de3fb2da3d093b3ae992d66c3d30fa1ca9eebb3070b159fc42b5a5
56,ai_program_augmented,raw_stress_payoff,lower_tail_q20,5602,2024-02,0.062150499929427006,273,opencl,opencl:auto,0.0,497c140f54124cda19a32543cf0f05cfdf720ed44487b0b0d355fe8973122b44,f30ccf1960de3fb2da3d093b3ae992d66c3d30fa1ca9eebb3070b159fc42b5a5
56,ai_program_augmented,raw_stress_payoff,lower_tail_q20,5602,2024-03,0.10736289221855655,273,opencl,opencl:auto,0.0,497c140f54124cda19a32543cf0f05cfdf720ed44487b0b0d355fe8973122b44,f30ccf1960de3fb2da3d093b3ae992d66c3d30fa1ca9eebb3070b159fc42b5a5
56,ai_program_augmented,raw_stress_payoff,lower_tail_q20,5602,2024-04,0.07926862920937505,273,opencl,opencl:auto,0.0,497c140f54124cda19a32543cf0f05cfdf720ed44487b0b0d355fe8973122b44,f30ccf1960de3fb2da3d093b3ae992d66c3d30fa1ca9eebb3070b159fc42b5a5
56,ai_program_augmented,raw_stress_payoff,lower_tail_q20,5602,2024-05,0.05930623040844929,273,opencl,opencl:auto,0.0,497c140f54124cda19a32543cf0f05cfdf720ed44487b0b0d355fe8973122b44,f30ccf1960de3fb2da3d093b3ae992d66c3d30fa1ca9eebb3070b159fc42b5a5
56,ai_program_augmented,raw_stress_payoff,lower_tail_q20,5602,2024-06,0.09560041250495344,273,opencl,opencl:auto,0.0,497c140f54124cda19a32543cf0f05cfdf720ed44487b0b0d355fe8973122b44,f30ccf1960de3fb2da3d093b3ae992d66c3d30fa1ca9eebb3070b159fc42b5a5
56,ai_program_augmented,raw_stress_payoff,lower_tail_q20,5603,2023-07,0.1925933725896659,354,opencl,opencl:auto,0.0,fa69187dc9e395fde8238094ace099c082fdd3b184b8f4f11bfea5a9071739ee,5a6d621b74566a77b1190cdf99e300e915b62f9337fe7fc45df894458f9b32f4
56,ai_program_augmented,raw_stress_payoff,lower_tail_q20,5603,2023-08,0.21931764612378313,354,opencl,opencl:auto,0.0,fa69187dc9e395fde8238094ace099c082fdd3b184b8f4f11bfea5a9071739ee,5a6d621b74566a77b1190cdf99e300e915b62f9337fe7fc45df894458f9b32f4
56,ai_program_augmented,raw_stress_payoff,lower_tail_q20,5603,2023-09,0.1821862009781916,354,opencl,opencl:auto,0.0,fa69187dc9e395fde8238094ace099c082fdd3b184b8f4f11bfea5a9071739ee,5a6d621b74566a77b1190cdf99e300e915b62f9337fe7fc45df894458f9b32f4
56,ai_program_augmented,raw_stress_payoff,lower_tail_q20,5603,2023-10,0.10640037429685067,354,opencl,opencl:auto,0.0,fa69187dc9e395fde8238094ace099c082fdd3b184b8f4f11bfea5a9071739ee,5a6d621b74566a77b1190cdf99e300e915b62f9337fe7fc45df894458f9b32f4
56,ai_program_augmented,raw_stress_payoff,lower_tail_q20,5603,2023-11,0.13460258413922233,354,opencl,opencl:auto,0.0,fa69187dc9e395fde8238094ace099c082fdd3b184b8f4f11bfea5a9071739ee,5a6d621b74566a77b1190cdf99e300e915b62f9337fe7fc45df894458f9b32f4
56,ai_program_augmented,raw_stress_payoff,lower_tail_q20,5603,2023-12,0.09027899825457275,354,opencl,opencl:auto,0.0,fa69187dc9e395fde8238094ace099c082fdd3b184b8f4f11bfea5a9071739ee,5a6d621b74566a77b1190cdf99e300e915b62f9337fe7fc45df894458f9b32f4
56,ai_program_augmented,raw_stress_payoff,lower_tail_q20,5603,2024-01,0.08265723368739708,354,opencl,opencl:auto,0.0,fa69187dc9e395fde8238094ace099c082fdd3b184b8f4f11bfea5a9071739ee,5a6d621b74566a77b1190cdf99e300e915b62f9337fe7fc45df894458f9b32f4
56,ai_program_augmented,raw_stress_payoff,lower_tail_q20,5603,2024-02,0.06306170784862608,354,opencl,opencl:auto,0.0,fa69187dc9e395fde8238094ace099c082fdd3b184b8f4f11bfea5a9071739ee,5a6d621b74566a77b1190cdf99e300e915b62f9337fe7fc45df894458f9b32f4
56,ai_program_augmented,raw_stress_payoff,lower_tail_q20,5603,2024-03,0.10710034503165733,354,opencl,opencl:auto,0.0,fa69187dc9e395fde8238094ace099c082fdd3b184b8f4f11bfea5a9071739ee,5a6d621b74566a77b1190cdf99e300e915b62f9337fe7fc45df894458f9b32f4
56,ai_program_augmented,raw_stress_payoff,lower_tail_q20,5603,2024-04,0.08015890495571265,354,opencl,opencl:auto,0.0,fa69187dc9e395fde8238094ace099c082fdd3b184b8f4f11bfea5a9071739ee,5a6d621b74566a77b1190cdf99e300e915b62f9337fe7fc45df894458f9b32f4
56,ai_program_augmented,raw_stress_payoff,lower_tail_q20,5603,2024-05,0.059231001775097214,354,opencl,opencl:auto,0.0,fa69187dc9e395fde8238094ace099c082fdd3b184b8f4f11bfea5a9071739ee,5a6d621b74566a77b1190cdf99e300e915b62f9337fe7fc45df894458f9b32f4
56,ai_program_augmented,raw_stress_payoff,lower_tail_q20,5603,2024-06,0.09465688245492476,354,opencl,opencl:auto,0.0,fa69187dc9e395fde8238094ace099c082fdd3b184b8f4f11bfea5a9071739ee,5a6d621b74566a77b1190cdf99e300e915b62f9337fe7fc45df894458f9b32f4
56,ai_program_augmented,stop_normalized_stress_payoff,conditional_mean,5601,2023-07,0.020946894575030184,96,opencl,opencl:auto,0.0,983ec0241796c1d2934844c7932f1d93cbd7df63bfcf6b574b056f50c24a9550,6624ac08ef9e5097f374f4234e15edf34dec91a8b5319354da14c11751c687be
56,ai_program_augmented,stop_normalized_stress_payoff,conditional_mean,5601,2023-08,0.03432123127259423,96,opencl,opencl:auto,0.0,983ec0241796c1d2934844c7932f1d93cbd7df63bfcf6b574b056f50c24a9550,6624ac08ef9e5097f374f4234e15edf34dec91a8b5319354da14c11751c687be
56,ai_program_augmented,stop_normalized_stress_payoff,conditional_mean,5601,2023-09,0.026125803465510078,96,opencl,opencl:auto,0.0,983ec0241796c1d2934844c7932f1d93cbd7df63bfcf6b574b056f50c24a9550,6624ac08ef9e5097f374f4234e15edf34dec91a8b5319354da14c11751c687be
56,ai_program_augmented,stop_normalized_stress_payoff,conditional_mean,5601,2023-10,0.030197407811362043,96,opencl,opencl:auto,0.0,983ec0241796c1d2934844c7932f1d93cbd7df63bfcf6b574b056f50c24a9550,6624ac08ef9e5097f374f4234e15edf34dec91a8b5319354da14c11751c687be
56,ai_program_augmented,stop_normalized_stress_payoff,conditional_mean,5601,2023-11,0.03610734925094827,96,opencl,opencl:auto,0.0,983ec0241796c1d2934844c7932f1d93cbd7df63bfcf6b574b056f50c24a9550,6624ac08ef9e5097f374f4234e15edf34dec91a8b5319354da14c11751c687be
56,ai_program_augmented,stop_normalized_stress_payoff,conditional_mean,5601,2023-12,0.025706130650471892,96,opencl,opencl:auto,0.0,983ec0241796c1d2934844c7932f1d93cbd7df63bfcf6b574b056f50c24a9550,6624ac08ef9e5097f374f4234e15edf34dec91a8b5319354da14c11751c687be
56,ai_program_augmented,stop_normalized_stress_payoff,conditional_mean,5601,2024-01,0.023939788949000063,96,opencl,opencl:auto,0.0,983ec0241796c1d2934844c7932f1d93cbd7df63bfcf6b574b056f50c24a9550,6624ac08ef9e5097f374f4234e15edf34dec91a8b5319354da14c11751c687be
56,ai_program_augmented,stop_normalized_stress_payoff,conditional_mean,5601,2024-02,0.02197603903874501,96,opencl,opencl:auto,0.0,983ec0241796c1d2934844c7932f1d93cbd7df63bfcf6b574b056f50c24a9550,6624ac08ef9e5097f374f4234e15edf34dec91a8b5319354da14c11751c687be
56,ai_program_augmented,stop_normalized_stress_payoff,conditional_mean,5601,2024-03,0.022984794848403434,96,opencl,opencl:auto,0.0,983ec0241796c1d2934844c7932f1d93cbd7df63bfcf6b574b056f50c24a9550,6624ac08ef9e5097f374f4234e15edf34dec91a8b5319354da14c11751c687be
56,ai_program_augmented,stop_normalized_stress_payoff,conditional_mean,5601,2024-04,0.03827868423593461,96,opencl,opencl:auto,0.0,983ec0241796c1d2934844c7932f1d93cbd7df63bfcf6b574b056f50c24a9550,6624ac08ef9e5097f374f4234e15edf34dec91a8b5319354da14c11751c687be
56,ai_program_augmented,stop_normalized_stress_payoff,conditional_mean,5601,2024-05,0.029169528139588063,96,opencl,opencl:auto,0.0,983ec0241796c1d2934844c7932f1d93cbd7df63bfcf6b574b056f50c24a9550,6624ac08ef9e5097f374f4234e15edf34dec91a8b5319354da14c11751c687be
56,ai_program_augmented,stop_normalized_stress_payoff,conditional_mean,5601,2024-06,0.018673157283237596,96,opencl,opencl:auto,0.0,983ec0241796c1d2934844c7932f1d93cbd7df63bfcf6b574b056f50c24a9550,6624ac08ef9e5097f374f4234e15edf34dec91a8b5319354da14c11751c687be
56,ai_program_augmented,stop_normalized_stress_payoff,conditional_mean,5602,2023-07,0.021739881609834977,92,opencl,opencl:auto,0.0,7c4d00c340a8342fe5d88b49d7287e59f705d6055c8f1f57ed3c172bd25f061c,f9b682e925bd1b1366eb76d372ed630b9e2e8aa72d9fd5cf86661666033b7bd1
56,ai_program_augmented,stop_normalized_stress_payoff,conditional_mean,5602,2023-08,0.035291997583007384,92,opencl,opencl:auto,0.0,7c4d00c340a8342fe5d88b49d7287e59f705d6055c8f1f57ed3c172bd25f061c,f9b682e925bd1b1366eb76d372ed630b9e2e8aa72d9fd5cf86661666033b7bd1
56,ai_program_augmented,stop_normalized_stress_payoff,conditional_mean,5602,2023-09,0.025321597079398628,92,opencl,opencl:auto,0.0,7c4d00c340a8342fe5d88b49d7287e59f705d6055c8f1f57ed3c172bd25f061c,f9b682e925bd1b1366eb76d372ed630b9e2e8aa72d9fd5cf86661666033b7bd1
56,ai_program_augmented,stop_normalized_stress_payoff,conditional_mean,5602,2023-10,0.030734093280539665,92,opencl,opencl:auto,0.0,7c4d00c340a8342fe5d88b49d7287e59f705d6055c8f1f57ed3c172bd25f061c,f9b682e925bd1b1366eb76d372ed630b9e2e8aa72d9fd5cf86661666033b7bd1
56,ai_program_augmented,stop_normalized_stress_payoff,conditional_mean,5602,2023-11,0.03564822766167486,92,opencl,opencl:auto,0.0,7c4d00c340a8342fe5d88b49d7287e59f705d6055c8f1f57ed3c172bd25f061c,f9b682e925bd1b1366eb76d372ed630b9e2e8aa72d9fd5cf86661666033b7bd1
56,ai_program_augmented,stop_normalized_stress_payoff,conditional_mean,5602,2023-12,0.02501561010518516,92,opencl,opencl:auto,0.0,7c4d00c340a8342fe5d88b49d7287e59f705d6055c8f1f57ed3c172bd25f061c,f9b682e925bd1b1366eb76d372ed630b9e2e8aa72d9fd5cf86661666033b7bd1
56,ai_program_augmented,stop_normalized_stress_payoff,conditional_mean,5602,2024-01,0.025078072352325398,92,opencl,opencl:auto,0.0,7c4d00c340a8342fe5d88b49d7287e59f705d6055c8f1f57ed3c172bd25f061c,f9b682e925bd1b1366eb76d372ed630b9e2e8aa72d9fd5cf86661666033b7bd1
56,ai_program_augmented,stop_normalized_stress_payoff,conditional_mean,5602,2024-02,0.019733104856763717,92,opencl,opencl:auto,0.0,7c4d00c340a8342fe5d88b49d7287e59f705d6055c8f1f57ed3c172bd25f061c,f9b682e925bd1b1366eb76d372ed630b9e2e8aa72d9fd5cf86661666033b7bd1
56,ai_program_augmented,stop_normalized_stress_payoff,conditional_mean,5602,2024-03,0.024004562371260918,92,opencl,opencl:auto,0.0,7c4d00c340a8342fe5d88b49d7287e59f705d6055c8f1f57ed3c172bd25f061c,f9b682e925bd1b1366eb76d372ed630b9e2e8aa72d9fd5cf86661666033b7bd1
56,ai_program_augmented,stop_normalized_stress_payoff,conditional_mean,5602,2024-04,0.0363494745180184,92,opencl,opencl:auto,0.0,7c4d00c340a8342fe5d88b49d7287e59f705d6055c8f1f57ed3c172bd25f061c,f9b682e925bd1b1366eb76d372ed630b9e2e8aa72d9fd5cf86661666033b7bd1
56,ai_program_augmented,stop_normalized_stress_payoff,conditional_mean,5602,2024-05,0.02881684648066396,92,opencl,opencl:auto,0.0,7c4d00c340a8342fe5d88b49d7287e59f705d6055c8f1f57ed3c172bd25f061c,f9b682e925bd1b1366eb76d372ed630b9e2e8aa72d9fd5cf86661666033b7bd1
56,ai_program_augmented,stop_normalized_stress_payoff,conditional_mean,5602,2024-06,0.012454900959402826,92,opencl,opencl:auto,0.0,7c4d00c340a8342fe5d88b49d7287e59f705d6055c8f1f57ed3c172bd25f061c,f9b682e925bd1b1366eb76d372ed630b9e2e8aa72d9fd5cf86661666033b7bd1
56,ai_program_augmented,stop_normalized_stress_payoff,conditional_mean,5603,2023-07,0.022206871749811175,85,opencl,opencl:auto,0.0,936a4b59049882d89feb5667228d5f211c6bf06e6abd79fc386e8f578474a81e,5831d6e23585dde4f7f9c8e31acc6068c4b6b7e9246b66aa882102c070587483
56,ai_program_augmented,stop_normalized_stress_payoff,conditional_mean,5603,2023-08,0.03306420491917983,85,opencl,opencl:auto,0.0,936a4b59049882d89feb5667228d5f211c6bf06e6abd79fc386e8f578474a81e,5831d6e23585dde4f7f9c8e31acc6068c4b6b7e9246b66aa882102c070587483
56,ai_program_augmented,stop_normalized_stress_payoff,conditional_mean,5603,2023-09,0.030697725767650286,85,opencl,opencl:auto,0.0,936a4b59049882d89feb5667228d5f211c6bf06e6abd79fc386e8f578474a81e,5831d6e23585dde4f7f9c8e31acc6068c4b6b7e9246b66aa882102c070587483
56,ai_program_augmented,stop_normalized_stress_payoff,conditional_mean,5603,2023-10,0.02996781035765117,85,opencl,opencl:auto,0.0,936a4b59049882d89feb5667228d5f211c6bf06e6abd79fc386e8f578474a81e,5831d6e23585dde4f7f9c8e31acc6068c4b6b7e9246b66aa882102c070587483
56,ai_program_augmented,stop_normalized_stress_payoff,conditional_mean,5603,2023-11,0.03631765805315612,85,opencl,opencl:auto,0.0,936a4b59049882d89feb5667228d5f211c6bf06e6abd79fc386e8f578474a81e,5831d6e23585dde4f7f9c8e31acc6068c4b6b7e9246b66aa882102c070587483
56,ai_program_augmented,stop_normalized_stress_payoff,conditional_mean,5603,2023-12,0.026650666798855527,85,opencl,opencl:auto,0.0,936a4b59049882d89feb5667228d5f211c6bf06e6abd79fc386e8f578474a81e,5831d6e23585dde4f7f9c8e31acc6068c4b6b7e9246b66aa882102c070587483
56,ai_program_augmented,stop_normalized_stress_payoff,conditional_mean,5603,2024-01,0.024286964004934353,85,opencl,opencl:auto,0.0,936a4b59049882d89feb5667228d5f211c6bf06e6abd79fc386e8f578474a81e,5831d6e23585dde4f7f9c8e31acc6068c4b6b7e9246b66aa882102c070587483
56,ai_program_augmented,stop_normalized_stress_payoff,conditional_mean,5603,2024-02,0.020914494467720646,85,opencl,opencl:auto,0.0,936a4b59049882d89feb5667228d5f211c6bf06e6abd79fc386e8f578474a81e,5831d6e23585dde4f7f9c8e31acc6068c4b6b7e9246b66aa882102c070587483
56,ai_program_augmented,stop_normalized_stress_payoff,conditional_mean,5603,2024-03,0.023613294881515645,85,opencl,opencl:auto,0.0,936a4b59049882d89feb5667228d5f211c6bf06e6abd79fc386e8f578474a81e,5831d6e23585dde4f7f9c8e31acc6068c4b6b7e9246b66aa882102c070587483
56,ai_program_augmented,stop_normalized_stress_payoff,conditional_mean,5603,2024-04,0.036579163356902034,85,opencl,opencl:auto,0.0,936a4b59049882d89feb5667228d5f211c6bf06e6abd79fc386e8f578474a81e,5831d6e23585dde4f7f9c8e31acc6068c4b6b7e9246b66aa882102c070587483
56,ai_program_augmented,stop_normalized_stress_payoff,conditional_mean,5603,2024-05,0.028795927493131313,85,opencl,opencl:auto,0.0,936a4b59049882d89feb5667228d5f211c6bf06e6abd79fc386e8f578474a81e,5831d6e23585dde4f7f9c8e31acc6068c4b6b7e9246b66aa882102c070587483
56,ai_program_augmented,stop_normalized_stress_payoff,conditional_mean,5603,2024-06,0.01896603220222881,85,opencl,opencl:auto,0.0,936a4b59049882d89feb5667228d5f211c6bf06e6abd79fc386e8f578474a81e,5831d6e23585dde4f7f9c8e31acc6068c4b6b7e9246b66aa882102c070587483
56,ai_program_augmented,stop_normalized_stress_payoff,lower_tail_q20,5601,2023-07,0.04962886537196998,324,opencl,opencl:auto,0.0,5ea5e4e1a4ad377636845c33cc377221cc2ce18daaadf118edb4ebe284c148f7,406a04f891d70b0a2ce76537e72703e49f05fa9927b3b172403aebc89754cf22
56,ai_program_augmented,stop_normalized_stress_payoff,lower_tail_q20,5601,2023-08,0.06523465938557393,324,opencl,opencl:auto,0.0,5ea5e4e1a4ad377636845c33cc377221cc2ce18daaadf118edb4ebe284c148f7,406a04f891d70b0a2ce76537e72703e49f05fa9927b3b172403aebc89754cf22
56,ai_program_augmented,stop_normalized_stress_payoff,lower_tail_q20,5601,2023-09,0.06262264386852878,324,opencl,opencl:auto,0.0,5ea5e4e1a4ad377636845c33cc377221cc2ce18daaadf118edb4ebe284c148f7,406a04f891d70b0a2ce76537e72703e49f05fa9927b3b172403aebc89754cf22
56,ai_program_augmented,stop_normalized_stress_payoff,lower_tail_q20,5601,2023-10,0.058581727726383814,324,opencl,opencl:auto,0.0,5ea5e4e1a4ad377636845c33cc377221cc2ce18daaadf118edb4ebe284c148f7,406a04f891d70b0a2ce76537e72703e49f05fa9927b3b172403aebc89754cf22
56,ai_program_augmented,stop_normalized_stress_payoff,lower_tail_q20,5601,2023-11,0.042371239924784865,324,opencl,opencl:auto,0.0,5ea5e4e1a4ad377636845c33cc377221cc2ce18daaadf118edb4ebe284c148f7,406a04f891d70b0a2ce76537e72703e49f05fa9927b3b172403aebc89754cf22
56,ai_program_augmented,stop_normalized_stress_payoff,lower_tail_q20,5601,2023-12,0.033736124221229846,324,opencl,opencl:auto,0.0,5ea5e4e1a4ad377636845c33cc377221cc2ce18daaadf118edb4ebe284c148f7,406a04f891d70b0a2ce76537e72703e49f05fa9927b3b172403aebc89754cf22
56,ai_program_augmented,stop_normalized_stress_payoff,lower_tail_q20,5601,2024-01,0.03665641800520014,324,opencl,opencl:auto,0.0,5ea5e4e1a4ad377636845c33cc377221cc2ce18daaadf118edb4ebe284c148f7,406a04f891d70b0a2ce76537e72703e49f05fa9927b3b172403aebc89754cf22
56,ai_program_augmented,stop_normalized_stress_payoff,lower_tail_q20,5601,2024-02,0.04456910277345172,324,opencl,opencl:auto,0.0,5ea5e4e1a4ad377636845c33cc377221cc2ce18daaadf118edb4ebe284c148f7,406a04f891d70b0a2ce76537e72703e49f05fa9927b3b172403aebc89754cf22
56,ai_program_augmented,stop_normalized_stress_payoff,lower_tail_q20,5601,2024-03,0.0350094346398826,324,opencl,opencl:auto,0.0,5ea5e4e1a4ad377636845c33cc377221cc2ce18daaadf118edb4ebe284c148f7,406a04f891d70b0a2ce76537e72703e49f05fa9927b3b172403aebc89754cf22
56,ai_program_augmented,stop_normalized_stress_payoff,lower_tail_q20,5601,2024-04,0.05788976832349457,324,opencl,opencl:auto,0.0,5ea5e4e1a4ad377636845c33cc377221cc2ce18daaadf118edb4ebe284c148f7,406a04f891d70b0a2ce76537e72703e49f05fa9927b3b172403aebc89754cf22
56,ai_program_augmented,stop_normalized_stress_payoff,lower_tail_q20,5601,2024-05,0.05776337040274693,324,opencl,opencl:auto,0.0,5ea5e4e1a4ad377636845c33cc377221cc2ce18daaadf118edb4ebe284c148f7,406a04f891d70b0a2ce76537e72703e49f05fa9927b3b172403aebc89754cf22
56,ai_program_augmented,stop_normalized_stress_payoff,lower_tail_q20,5601,2024-06,0.04302417572482853,324,opencl,opencl:auto,0.0,5ea5e4e1a4ad377636845c33cc377221cc2ce18daaadf118edb4ebe284c148f7,406a04f891d70b0a2ce76537e72703e49f05fa9927b3b172403aebc89754cf22
56,ai_program_augmented,stop_normalized_stress_payoff,lower_tail_q20,5602,2023-07,0.05367388644824744,297,opencl,opencl:auto,0.0,f0e74b5f894eefcfa5d3e860c6b8c3d8d11459943b208549042e35f66d184d64,6c5385e751df3bf910679459c60bb8948e9c74eb12a939ee76420e5be7734e19
56,ai_program_augmented,stop_normalized_stress_payoff,lower_tail_q20,5602,2023-08,0.06462996633604379,297,opencl,opencl:auto,0.0,f0e74b5f894eefcfa5d3e860c6b8c3d8d11459943b208549042e35f66d184d64,6c5385e751df3bf910679459c60bb8948e9c74eb12a939ee76420e5be7734e19
56,ai_program_augmented,stop_normalized_stress_payoff,lower_tail_q20,5602,2023-09,0.06340138511560522,297,opencl,opencl:auto,0.0,f0e74b5f894eefcfa5d3e860c6b8c3d8d11459943b208549042e35f66d184d64,6c5385e751df3bf910679459c60bb8948e9c74eb12a939ee76420e5be7734e19
56,ai_program_augmented,stop_normalized_stress_payoff,lower_tail_q20,5602,2023-10,0.05796469761140566,297,opencl,opencl:auto,0.0,f0e74b5f894eefcfa5d3e860c6b8c3d8d11459943b208549042e35f66d184d64,6c5385e751df3bf910679459c60bb8948e9c74eb12a939ee76420e5be7734e19
56,ai_program_augmented,stop_normalized_stress_payoff,lower_tail_q20,5602,2023-11,0.042996521232393614,297,opencl,opencl:auto,0.0,f0e74b5f894eefcfa5d3e860c6b8c3d8d11459943b208549042e35f66d184d64,6c5385e751df3bf910679459c60bb8948e9c74eb12a939ee76420e5be7734e19
56,ai_program_augmented,stop_normalized_stress_payoff,lower_tail_q20,5602,2023-12,0.033033877721943106,297,opencl,opencl:auto,0.0,f0e74b5f894eefcfa5d3e860c6b8c3d8d11459943b208549042e35f66d184d64,6c5385e751df3bf910679459c60bb8948e9c74eb12a939ee76420e5be7734e19
56,ai_program_augmented,stop_normalized_stress_payoff,lower_tail_q20,5602,2024-01,0.03787840957165334,297,opencl,opencl:auto,0.0,f0e74b5f894eefcfa5d3e860c6b8c3d8d11459943b208549042e35f66d184d64,6c5385e751df3bf910679459c60bb8948e9c74eb12a939ee76420e5be7734e19
56,ai_program_augmented,stop_normalized_stress_payoff,lower_tail_q20,5602,2024-02,0.042962230217459596,297,opencl,opencl:auto,0.0,f0e74b5f894eefcfa5d3e860c6b8c3d8d11459943b208549042e35f66d184d64,6c5385e751df3bf910679459c60bb8948e9c74eb12a939ee76420e5be7734e19
56,ai_program_augmented,stop_normalized_stress_payoff,lower_tail_q20,5602,2024-03,0.03235778657829391,297,opencl,opencl:auto,0.0,f0e74b5f894eefcfa5d3e860c6b8c3d8d11459943b208549042e35f66d184d64,6c5385e751df3bf910679459c60bb8948e9c74eb12a939ee76420e5be7734e19
56,ai_program_augmented,stop_normalized_stress_payoff,lower_tail_q20,5602,2024-04,0.06195765729452729,297,opencl,opencl:auto,0.0,f0e74b5f894eefcfa5d3e860c6b8c3d8d11459943b208549042e35f66d184d64,6c5385e751df3bf910679459c60bb8948e9c74eb12a939ee76420e5be7734e19
56,ai_program_augmented,stop_normalized_stress_payoff,lower_tail_q20,5602,2024-05,0.05719284697555305,297,opencl,opencl:auto,0.0,f0e74b5f894eefcfa5d3e860c6b8c3d8d11459943b208549042e35f66d184d64,6c5385e751df3bf910679459c60bb8948e9c74eb12a939ee76420e5be7734e19
56,ai_program_augmented,stop_normalized_stress_payoff,lower_tail_q20,5602,2024-06,0.04262166862996686,297,opencl,opencl:auto,0.0,f0e74b5f894eefcfa5d3e860c6b8c3d8d11459943b208549042e35f66d184d64,6c5385e751df3bf910679459c60bb8948e9c74eb12a939ee76420e5be7734e19
56,ai_program_augmented,stop_normalized_stress_payoff,lower_tail_q20,5603,2023-07,0.050486151068975804,333,opencl,opencl:auto,0.0,f3851793380e6b40935dacba65bdf2e636c4e0b1f70e0f2ffe762b71e9c06cd9,1aa6dca3ab75d89cf5aefe7c744df6e6dc8e4a85be36a6196088dbb6df4dc1be
56,ai_program_augmented,stop_normalized_stress_payoff,lower_tail_q20,5603,2023-08,0.06313260648557983,333,opencl,opencl:auto,0.0,f3851793380e6b40935dacba65bdf2e636c4e0b1f70e0f2ffe762b71e9c06cd9,1aa6dca3ab75d89cf5aefe7c744df6e6dc8e4a85be36a6196088dbb6df4dc1be
56,ai_program_augmented,stop_normalized_stress_payoff,lower_tail_q20,5603,2023-09,0.06530071446661534,333,opencl,opencl:auto,0.0,f3851793380e6b40935dacba65bdf2e636c4e0b1f70e0f2ffe762b71e9c06cd9,1aa6dca3ab75d89cf5aefe7c744df6e6dc8e4a85be36a6196088dbb6df4dc1be
56,ai_program_augmented,stop_normalized_stress_payoff,lower_tail_q20,5603,2023-10,0.05952731198539807,333,opencl,opencl:auto,0.0,f3851793380e6b40935dacba65bdf2e636c4e0b1f70e0f2ffe762b71e9c06cd9,1aa6dca3ab75d89cf5aefe7c744df6e6dc8e4a85be36a6196088dbb6df4dc1be
56,ai_program_augmented,stop_normalized_stress_payoff,lower_tail_q20,5603,2023-11,0.04264993256169303,333,opencl,opencl:auto,0.0,f3851793380e6b40935dacba65bdf2e636c4e0b1f70e0f2ffe762b71e9c06cd9,1aa6dca3ab75d89cf5aefe7c744df6e6dc8e4a85be36a6196088dbb6df4dc1be
56,ai_program_augmented,stop_normalized_stress_payoff,lower_tail_q20,5603,2023-12,0.03382498009396051,333,opencl,opencl:auto,0.0,f3851793380e6b40935dacba65bdf2e636c4e0b1f70e0f2ffe762b71e9c06cd9,1aa6dca3ab75d89cf5aefe7c744df6e6dc8e4a85be36a6196088dbb6df4dc1be
56,ai_program_augmented,stop_normalized_stress_payoff,lower_tail_q20,5603,2024-01,0.03484096115822277,333,opencl,opencl:auto,0.0,f3851793380e6b40935dacba65bdf2e636c4e0b1f70e0f2ffe762b71e9c06cd9,1aa6dca3ab75d89cf5aefe7c744df6e6dc8e4a85be36a6196088dbb6df4dc1be
56,ai_program_augmented,stop_normalized_stress_payoff,lower_tail_q20,5603,2024-02,0.04376923679321609,333,opencl,opencl:auto,0.0,f3851793380e6b40935dacba65bdf2e636c4e0b1f70e0f2ffe762b71e9c06cd9,1aa6dca3ab75d89cf5aefe7c744df6e6dc8e4a85be36a6196088dbb6df4dc1be
56,ai_program_augmented,stop_normalized_stress_payoff,lower_tail_q20,5603,2024-03,0.03495756966515373,333,opencl,opencl:auto,0.0,f3851793380e6b40935dacba65bdf2e636c4e0b1f70e0f2ffe762b71e9c06cd9,1aa6dca3ab75d89cf5aefe7c744df6e6dc8e4a85be36a6196088dbb6df4dc1be
56,ai_program_augmented,stop_normalized_stress_payoff,lower_tail_q20,5603,2024-04,0.06151482128530961,333,opencl,opencl:auto,0.0,f3851793380e6b40935dacba65bdf2e636c4e0b1f70e0f2ffe762b71e9c06cd9,1aa6dca3ab75d89cf5aefe7c744df6e6dc8e4a85be36a6196088dbb6df4dc1be
56,ai_program_augmented,stop_normalized_stress_payoff,lower_tail_q20,5603,2024-05,0.05749350686197774,333,opencl,opencl:auto,0.0,f3851793380e6b40935dacba65bdf2e636c4e0b1f70e0f2ffe762b71e9c06cd9,1aa6dca3ab75d89cf5aefe7c744df6e6dc8e4a85be36a6196088dbb6df4dc1be
56,ai_program_augmented,stop_normalized_stress_payoff,lower_tail_q20,5603,2024-06,0.041347038081968934,333,opencl,opencl:auto,0.0,f3851793380e6b40935dacba65bdf2e636c4e0b1f70e0f2ffe762b71e9c06cd9,1aa6dca3ab75d89cf5aefe7c744df6e6dc8e4a85be36a6196088dbb6df4dc1be
