date,week,n_trades,longshot_fraction,longshot_winrate,longshot_gap,longshot_gap_ma4w,longshot_gap_ma13w,longshot_gap_ma52w,longshot_gap_z52w
2023-01-30,2023-W05,110,0.1272727272727272,0.0,-0.05,-0.05,-0.05,-0.05,
2023-02-20,2023-W08,255,0.388235294117647,0.0606060606060606,0.010606060606060598,-0.019696969696969702,-0.019696969696969702,-0.019696969696969702,
2023-02-27,2023-W09,306,0.2156862745098039,0.2727272727272727,0.22272727272727272,0.06111111111111111,0.06111111111111111,0.06111111111111111,
2023-03-06,2023-W10,1298,0.0932203389830508,0.1322314049586777,0.08223140495867769,0.06639118457300275,0.06639118457300275,0.06639118457300275,
2023-03-13,2023-W11,2537,0.2554197871501774,0.0030864197530864,-0.046913580246913604,0.06716278951127434,0.04373023160901948,0.04373023160901948,
2023-03-20,2023-W12,1173,0.3256606990622336,0.0078534031413612,-0.0421465968586388,0.05397462514509951,0.029417426864409766,0.029417426864409766,
2023-03-27,2023-W13,932,0.3304721030042918,0.0811688311688311,0.031168831168831096,0.006085014755489095,0.0296676274793271,0.0296676274793271,
2023-04-03,2023-W14,634,0.3958990536277602,0.1195219123505976,0.0695219123505976,0.0029076416034690723,0.03464941308823591,0.03464941308823591,
2023-04-17,2023-W16,258,0.3449612403100775,0.1235955056179775,0.0735955056179775,0.03303491306969185,0.03897675670265164,0.03897675670265164,
2023-04-24,2023-W17,189,0.4285714285714285,0.2098765432098765,0.1598765432098765,0.08354069808682067,0.051066735353374124,0.051066735353374124,
2023-05-01,2023-W18,274,0.3357664233576642,0.2391304347826087,0.18913043478260871,0.12303109899026507,0.06361798075603181,0.06361798075603181,
2023-05-08,2023-W19,757,0.1862615587846763,0.0425531914893617,-0.007446808510638302,0.10378891877495611,0.057695914983809306,0.057695914983809306,
2023-05-15,2023-W20,560,0.3464285714285714,0.0515463917525773,0.0015463917525773002,0.08577664030860604,0.05337672088909916,0.05337672088909916,-0.5719897572083598
2023-05-22,2023-W21,792,0.3131313131313131,0.0483870967741935,-0.0016129032258065043,0.0454042786996853,0.05709880525634481,0.04944889059517732,-0.5783354607764
2023-05-29,2023-W22,328,0.4603658536585366,0.0529801324503311,0.0029801324503310953,-0.0011332968833841026,0.05651219539821177,0.046350973385520904,-0.5047749290796747
2023-06-05,2023-W23,338,0.3520710059171598,0.0672268907563025,0.0172268907563025,0.005035127933351098,0.04070447370813713,0.044530718221194754,-0.32767307535151396
2023-06-12,2023-W24,464,0.2780172413793103,0.0387596899224806,-0.011240310077519404,0.001838452475826922,0.03351434178227582,0.04125006949774098,-0.6416407090093098
2023-06-19,2023-W25,2597,0.2972660762418175,0.116580310880829,0.066580310880829,0.018886756002485797,0.042244641099794485,0.04265730513013476,0.3005847774471086
2023-06-26,2023-W26,801,0.4357053682896379,0.0143266475644699,-0.035673352435530103,0.0092233847810205,0.042742582978495154,0.03853463894246819,-0.9345390248317157
2023-07-03,2023-W27,672,0.3601190476190476,0.0578512396694214,0.007851239669421396,0.006879472009300221,0.04094892209392517,0.03700046897881585,-0.3756729082214639
2023-07-10,2023-W28,643,0.4276827371695179,0.0763636363636363,0.026363636363636297,0.01628045861958915,0.03762905471031277,0.03649395313999777,-0.13388735710442745
2023-07-17,2023-W29,812,0.3916256157635468,0.0566037735849056,0.0066037735849055965,0.0012863242956082967,0.03247584455392262,0.03513530861476631,-0.38496828071418976
2023-07-24,2023-W30,785,0.3910828025477707,0.022801302931596,-0.027198697068404002,0.003404988137389822,0.018085441455593352,0.032425134454628475,-0.8104668456480161
2023-07-31,2023-W31,1434,0.1617852161785216,0.0948275862068965,0.0448275862068965,0.012649074771758598,0.006985222334384721,0.032941903277639635,0.1650910070799682
2023-08-07,2023-W32,1274,0.3924646781789639,0.02,-0.030000000000000002,-0.0014418343191504772,0.005250361450587668,0.030424227146534054,-0.8439812489643559
2023-08-14,2023-W33,879,0.3594994311717861,0.0569620253164556,0.0069620253164555945,-0.0013522713862629777,0.005666948647809074,0.02952183476845411,-0.3209143956149043
2023-08-21,2023-W34,995,0.364824120603015,0.0798898071625344,0.029889807162534393,0.012919854671471621,0.008090234062296836,0.029535463375642272,0.005140377745514363
2023-08-28,2023-W35,764,0.3795811518324607,0.0620689655172413,0.0120689655172413,0.00473019949905782,0.008789375067443773,0.02891165988069938,-0.2486912730910243
2023-09-04,2023-W36,603,0.4228855721393035,0.0705882352941176,0.0205882352941176,0.01737725832258722,0.00904794003189109,0.028624645239782767,-0.12080667680301044
2023-09-11,2023-W37,447,0.4004474272930649,0.1229050279329608,0.0729050279329608,0.03386300897671352,0.015520658340389569,0.030100657996222035,0.6498908904460989
2023-09-18,2023-W38,557,0.3034111310592459,0.0710059171597633,0.0210059171597633,0.03164203647602075,0.012014935746461435,0.029807279259562076,-0.13587067590011587
2023-09-25,2023-W39,675,0.3822222222222222,0.1589147286821705,0.10891472868217049,0.05585347726725305,0.023137095832438406,0.03227938705401859,1.1746584114098102
2023-10-02,2023-W40,640,0.30625,0.1020408163265306,0.0520408163265306,0.0637166225253563,0.026536294036831422,0.03287821824409471,0.29799482116340076
2023-10-09,2023-W41,833,0.4045618247298919,0.0771513353115727,0.027151335311572697,0.05227819937000927,0.02659688626359576,0.03270978051078524,-0.08776824278130894
2023-10-16,2023-W42,1042,0.3406909788867562,0.028169014084507,-0.021830985915493,0.04156897360119519,0.024409597071257408,0.03115147289860586,-0.8400570355354022
2023-10-23,2023-W43,1249,0.2850280224179343,0.0308988764044943,-0.0191011235955057,0.009565010531776148,0.02503248733840343,0.029755567440436097,-0.7789125093774285
2023-10-30,2023-W44,1051,0.3510941960038059,0.062330623306233,0.012330623306232996,-0.00036253772329825247,0.02253272096142931,0.029284623004376554,-0.27383481523162856
2023-11-06,2023-W45,1015,0.3211822660098522,0.0674846625766871,0.0174846625766871,-0.002779205907019652,0.026185387313482168,0.028974097729963674,-0.18804056653035459
2023-11-13,2023-W46,819,0.2490842490842491,0.0049019607843137,-0.0450980392156863,-0.008595969232067978,0.022180766964855866,0.0270748121672547,-1.1745518702095066
2023-11-20,2023-W47,1164,0.3092783505154639,0.0388888888888888,-0.011111111111111203,-0.006598466110969352,0.019026850174575435,0.02612016408529555,-0.6108093263487582
2023-11-27,2023-W48,679,0.3475699558173785,0.1059322033898305,0.0559322033898305,0.004301928909930024,0.02240094539554384,0.02684728699516226,0.4818010332052064
2023-12-04,2023-W49,699,0.3705293276108726,0.081081081081081,0.031081081081081,0.0077010335360285,0.023208087379156403,0.02694809161625556,0.06931066615372035
2023-12-11,2023-W50,672,0.4717261904761904,0.0315457413249211,-0.018454258675078904,0.01436197867118035,0.016180449947768735,0.025892223004829178,-0.7475653464684796
2023-12-18,2023-W51,580,0.253448275862069,0.0408163265306122,-0.009183673469387803,0.014843838081611197,0.013858173745526343,0.025095043539506066,-0.5823240948796614
2023-12-25,2023-W52,562,0.4039145907473309,0.026431718061674,-0.023568281938326004,-0.005031283250427928,0.003667172928565075,0.02401363630666535,-0.8113826294613478
2024-01-01,2024-W01,1533,0.4194390084801043,0.0373250388802488,-0.0126749611197512,-0.015970293800635978,-0.0013109637980719866,0.023216058101743254,-0.6162656679108888
2024-01-08,2024-W02,4209,0.4017581373247802,0.0165582495564754,-0.0334417504435246,-0.0197171667427474,-0.005971970394617932,0.022010572813546063,-0.9529062903455547
2024-01-15,2024-W03,1110,0.4306306306306306,0.0815899581589958,0.031589958158995804,-0.009523758835651498,-0.00186266700427264,0.02221014334157627,0.16288065525595455
2024-01-22,2024-W04,1274,0.3963893249607535,0.1108910891089108,0.06089108910891079,0.0115910839261577,0.004290580126836321,0.022999550398052484,0.6618457133153999
2024-01-29,2024-W05,783,0.4035759897828863,0.0537974683544303,0.003797468354430296,0.015709191294703072,0.0036341835920822674,0.022615508757180037,-0.3317173439296143
2024-02-05,2024-W06,1061,0.2695570216776626,0.1503496503496503,0.10034965034965031,0.0491570414929968,0.010008413420771745,0.024139707611934357,1.3322451644691695
2024-02-12,2024-W07,1521,0.3057199211045365,0.1118279569892473,0.0618279569892473,0.056716541200559675,0.018233490051920483,0.024864481638421143,0.6498368720722737
2024-02-19,2024-W08,1104,0.3034420289855072,0.1074626865671641,0.05746268656716409,0.055859440565123,0.023508397565633967,0.026931071764712763,0.5446820740823536
2024-02-26,2024-W09,1087,0.3495860165593376,0.1026315789473684,0.05263157894736839,0.06806796821335753,0.02325450337775227,0.02773925480973791,0.44357943712898945
2024-03-04,2024-W10,1296,0.3225308641975308,0.0813397129186602,0.031339712918660195,0.050815483855609994,0.02327439813448913,0.02405872481341844,0.14893135732780152
2024-03-11,2024-W11,1035,0.2454106280193236,0.0905511811023622,0.040551181102362194,0.045496289883888714,0.027813278117369215,0.023257182046950833,0.3584002856854927
2024-03-18,2024-W12,782,0.3631713554987212,0.0422535211267605,-0.007746478873239503,0.029193998523787817,0.027923831547842157,0.024010395534906106,-0.6694783704493628
2024-03-25,2024-W13,720,0.3833333333333333,0.1159420289855072,0.0659420289855072,0.032521611033322524,0.03480924008044471,0.026089022954985833,0.8507611810186168
2024-04-01,2024-W14,655,0.3129770992366412,0.0390243902439024,-0.010975609756097605,0.021942780364633076,0.034939959416110375,0.02527855293719875,-0.7694316420837857
2024-04-08,2024-W15,595,0.3394957983193277,0.1386138613861386,0.0886138613861386,0.03395845043557717,0.04432885263377677,0.025645705803266843,1.324471596555934
2024-04-15,2024-W16,590,0.3864406779661017,0.2236842105263158,0.17368421052631577,0.07931612278546599,0.05525917973895523,0.027570488589965653,2.8431394391486116
2024-04-22,2024-W17,464,0.3771551724137931,0.1257142857142857,0.07571428571428569,0.08175918696766062,0.056399425631676374,0.025951983638127365,1.0285664548368079
2024-04-29,2024-W18,754,0.4084880636604774,0.2857142857142857,0.2357142857142857,0.14343166083525644,0.07423918081320371,0.026847826925275004,4.03424812156102
2024-05-06,2024-W19,686,0.4052478134110787,0.2697841726618705,0.2197841726618705,0.17622423865418943,0.08342645176029759,0.031217653486284788,3.249294076752498
2024-05-13,2024-W20,1849,0.4429421308815576,0.3553113553113553,0.30531135531135534,0.20913102485044932,0.10215594393892127,0.037059287400876675,3.8763832010751607
2024-05-20,2024-W21,4871,0.3120509135701088,0.0710526315789473,0.021052631578947295,0.19546561131661472,0.0993551704782892,0.03749516307019886,-0.2382132018659112
2024-05-27,2024-W22,4998,0.4303721488595438,0.1180846118084611,0.06808461180846109,0.15355819284015854,0.10054386531375789,0.03874717228862444,0.4253248953013154
2024-06-03,2024-W23,6469,0.3513680630700262,0.1218653761548614,0.0718653761548614,0.11657849371340628,0.10366122402423492,0.039797912392442875,0.4643528310102223
2024-06-10,2024-W24,7144,0.406494960806271,0.0568181818181818,0.0068181818181818,0.041955200340112894,0.1010663779254518,0.04014519108274483,-0.48411025687552617
2024-06-17,2024-W25,9436,0.4572912250953794,0.0579374275782155,0.0079374275782155,0.038676399339929945,0.1022728322678714,0.03901744332692533,-0.45121610147172736
2024-06-24,2024-W26,19075,0.5831192660550458,0.0414456531511282,-0.008554346848871804,0.019516659675596723,0.09654234181907302,0.03953896266513031,-0.7030673879523787
2024-07-01,2024-W27,21418,0.3914931366140629,0.0456768038163387,-0.004323196183661303,0.00046951659096604835,0.09705406594002966,0.03930483889872487,-0.6365685839948768
2024-07-08,2024-W28,23413,0.3945671208303079,0.0351807750595367,-0.014819224940463303,-0.004939835098695227,0.0890976746841372,0.038512860796722954,-0.7737632725364326
2024-07-15,2024-W29,40822,0.4669785899759933,0.0211928867439542,-0.0288071132560458,-0.014125970307260552,0.07352141900857093,0.03783188220362773,-0.9599369649823665
2024-07-22,2024-W30,64289,0.4979078847081149,0.0293033427054045,-0.020696657294595504,-0.017161547918691476,0.06610519262327239,0.03795692143004713,-0.8462924659483596
2024-07-29,2024-W31,68075,0.4957914065369078,0.0374803709519717,-0.012519629048028301,-0.019210656134783226,0.047010276103094384,0.03685409036745242,-0.7088786730949683
2024-08-05,2024-W32,49946,0.3495975653706002,0.0254280969016665,-0.024571903098333504,-0.021648825674250777,0.028213654890770993,0.03695847684633062,-0.8846636165689423
2024-08-12,2024-W33,44895,0.3114823477001893,0.0337528604118993,-0.0162471395881007,-0.0185088322572645,0.0034783860523512973,0.036512146752012226,-0.7556201208563532
2024-08-19,2024-W34,54543,0.2317804301193553,0.0425565575067236,-0.0074434424932764,-0.015195528556934727,0.001286380354487936,0.035794199643246635,-0.6169457210340308
2024-08-26,2024-W35,49620,0.2590084643288996,0.0470743853096794,-0.0029256146903206062,-0.012797024967507804,-0.004175944760802964,0.03550584233156276,-0.5473503097862862
2024-09-02,2024-W36,43443,0.2731164974794558,0.0211546565528866,-0.028845343447113404,-0.013865385054702778,-0.011922923191724102,0.034555196586539084,-0.8960933834324233
2024-09-09,2024-W37,49323,0.3051112057255236,0.036215030899063,-0.013784969100937003,-0.013249842432911853,-0.01350778095473324,0.03288808125896413,-0.6587394182921902
2024-09-16,2024-W38,49201,0.2823926342960509,0.0226716568302864,-0.027328343169713602,-0.018221067602021156,-0.016220532550727786,0.03195857625262803,-0.8312050620162709
2024-09-23,2024-W39,89332,0.2195517843549903,0.0412481517360934,-0.008751848263906604,-0.019677625995417655,-0.016235724967268925,0.029695757465203473,-0.5438063989684193
2024-09-30,2024-W40,131690,0.2370415369428202,0.0357508969759097,-0.014249103024090305,-0.01602856588966188,-0.01699925626268654,0.028420951323845374,-0.6019405140958816
2024-10-07,2024-W41,211606,0.1866676748296362,0.0175189873417721,-0.032481012658227906,-0.020702576778984606,-0.018357855317899203,0.02727417540134921,-0.8370362362255616
2024-10-14,2024-W42,232124,0.1361556754148644,0.0409428887834203,-0.009057111216579705,-0.01613476879070113,-0.016838624391786426,0.027519826837866777,-0.5134430919929335
2024-10-21,2024-W43,414337,0.1096257394343252,0.0323631720311743,-0.0176368279688257,-0.018356013716930904,-0.01660325290518875,0.027547986369149083,-0.634439603617194
2024-10-28,2024-W44,583904,0.0937979530881788,0.0270591027771184,-0.022940897222881604,-0.02052896226662873,-0.017404888918639002,0.026869687897435338,-0.6963099275797987
2024-11-04,2024-W45,316310,0.2607853055546774,0.034695535162264,-0.015304464837736002,-0.016234825311505753,-0.016692009052439193,0.02623912775485028,-0.5788952514263215
2024-11-11,2024-W46,228499,0.2867146026897273,0.0217968678450407,-0.0282031321549593,-0.021021330546100652,-0.017611700788351396,0.026564029813710414,-0.76627520204652
2024-11-18,2024-W47,222899,0.3434156277058219,0.0321109906332057,-0.0178890093667943,-0.021084375895592804,-0.018415205932468155,0.02643368561648574,-0.6194809313921709
2024-11-25,2024-W48,227666,0.3817785703618458,0.0134379530131848,-0.0365620469868152,-0.0244896633365762,-0.02100262380142928,0.024654950032319475,-0.8508387739295808
2024-12-02,2024-W49,214589,0.3211860812996006,0.0224888643848932,-0.0275111356151068,-0.027541331030918898,-0.020899992429736464,0.023528176634315865,-0.7058958725544595
2024-12-09,2024-W50,263156,0.3066660079952575,0.0133207766942169,-0.036679223305783104,-0.02966035381862485,-0.022661088907032317,0.02317769654526386,-0.824980771939488
2024-12-16,2024-W51,320409,0.3136241491343876,0.0217239869437146,-0.028276013056285403,-0.032257104740997626,-0.022733986590614767,0.02281053616859275,-0.7020228355380161
2024-12-23,2024-W52,447900,0.3118642554141549,0.021269436728616,-0.028730563271384003,-0.030299233812139826,-0.024270810821959178,0.02271126152757241,-0.7062450188680214
2024-12-30,2025-W01,297503,0.3505410029478694,0.0321324805584588,-0.017867519441541205,-0.02788832976874843,-0.02454915054637848,0.022611404636768754,-0.5553312045856117
2025-01-06,2025-W02,189823,0.3717989916922606,0.0282673996826116,-0.0217326003173884,-0.024151674021649753,-0.023722349597083133,0.02283658060073291,-0.61277917608195
2025-01-13,2025-W03,186192,0.393540001718656,0.0284821355460327,-0.021517864453967302,-0.02246213687107023,-0.02468086907688218,0.021815276319714385,-0.5937675001451073
2025-01-20,2025-W04,219452,0.4079160818766746,0.0347304452735762,-0.0152695547264238,-0.019096884734830177,-0.024498771135158953,0.020350648553650263,-0.4883184618814669
2025-01-27,2025-W05,121579,0.414643976344599,0.029358089343807,-0.020641910656193002,-0.019790482538493127,-0.024321926014644446,0.01988066049575366,-0.5541028825714758
2025-02-03,2025-W06,125002,0.3510183837058607,0.0247732348785268,-0.0252267651214732,-0.02066402373951433,-0.025085179882624233,0.017465729429001285,-0.5889179235433801
2025-02-10,2025-W07,157205,0.3504659521007601,0.0404936927125873,-0.009506307287412703,-0.017661134447875676,-0.023646962585120647,0.016093916654450133,-0.354025111035142
2025-02-17,2025-W08,195857,0.4426545898282931,0.0317542706206673,-0.0182457293793327,-0.0184051781111029,-0.023674402586085143,0.014637985578555963,-0.45529709971782667
2025-02-24,2025-W09,173799,0.4606125466774837,0.0211482249481599,-0.0288517750518401,-0.020457644210014676,-0.02308130474493321,0.013070998001648107,-0.5800999684153146
2025-03-03,2025-W10,174524,0.3709060071967179,0.0246091577581412,-0.025390842241858804,-0.020498663490111077,-0.02291820525468336,0.011980025787022742,-0.5160649371608743
2025-03-10,2025-W11,190504,0.5362512073237308,0.0180308933221088,-0.0319691066778912,-0.026114363337730703,-0.02255588859099937,0.010585404868171715,-0.5865363873866272
2025-03-17,2025-W12,203003,0.5046920488859771,0.0211411950729107,-0.028858804927089303,-0.028767632224669853,-0.022600718734907363,0.010179398597905372,-0.5368607477333561
2025-03-24,2025-W13,197084,0.4518174991374236,0.0128585225613727,-0.0371414774386273,-0.030840057821366652,-0.023247712132387615,0.008197023474364325,-0.6247496092374298
2025-03-31,2025-W14,204599,0.4712584127977165,0.0104543710264574,-0.03954562897354261,-0.0343787545042876,-0.024915259019464644,0.007647600027874998,-0.6480238704915687
2025-04-07,2025-W15,183479,0.4645381760310444,0.0104419649666209,-0.0395580350333791,-0.03627598659315958,-0.026286446305310088,0.005182755865961195,-0.6196904393692874
2025-04-14,2025-W16,180555,0.472686992883055,0.010533592669838,-0.039466407330162004,-0.03892788719392775,-0.027667103449632753,0.0010837055225673927,-0.5928811855795444
2025-04-21,2025-W17,152746,0.4933222473910937,0.014345812376415,-0.03565418762358501,-0.03855606474016718,-0.02923515213402977,-0.0010579958877762747,-0.5106231167732942
2025-04-28,2025-W18,117934,0.5000593552325877,0.0334554210329975,-0.016544578967002503,-0.032805802238532154,-0.02891997277332281,-0.0059091279008779704,-0.18049733427688025
2025-05-05,2025-W19,267248,0.467000688499072,0.0340050478746845,-0.0159949521253155,-0.026915031511516255,-0.02820983331207991,-0.010443341839093087,-0.11206384477294139
2025-05-12,2025-W20,175908,0.4594390249448575,0.0279266014179833,-0.022073398582016703,-0.02256677932447993,-0.029176532642434066,-0.016739202490888703,-0.24830427877319153
2025-05-19,2025-W21,142934,0.4549232512908055,0.017332062007874,-0.032667937992126,-0.021820216916615176,-0.030285933304956623,-0.017772290367255496,-0.7122457446879854
2025-05-26,2025-W22,132233,0.4607624420530427,0.0292148109243697,-0.020785189075630303,-0.022880369443772128,-0.029665426691402024,-0.01948132499964187,-0.0765599052164663
2025-06-02,2025-W23,133435,0.4299921310001124,0.0447748187395426,-0.005225181260457401,-0.020187926727557606,-0.028114222000524994,-0.02096383571916723,1.3901657601891373
2025-06-09,2025-W24,105371,0.3776845621660609,0.02952483855567,-0.020475161444330002,-0.01978836744313593,-0.027230072367174132,-0.021488707704984764,0.09544601533591048
2025-06-16,2025-W25,112400,0.382873665480427,0.0280469385383989,-0.021953061461601104,-0.017109648310504703,-0.026698861331367344,-0.02206352480190432,0.011306361111085518
2025-06-23,2025-W26,109119,0.4366517288464887,0.0172308854702289,-0.032769114529771104,-0.020105629674039904,-0.026362525722993795,-0.02252919341115238,-1.056723882695141
2025-06-30,2025-W27,188891,0.4552784410056593,0.0165585246168515,-0.033441475383148504,-0.027159703204712678,-0.02589297544680963,-0.023089160318834824,-1.094781717763933
2025-07-07,2025-W28,291155,0.4367570538029572,0.0130540089962568,-0.036945991003743205,-0.03127741059456598,-0.02569204898299149,-0.023514675050820978,-1.4029348003393798
2025-07-14,2025-W29,207761,0.4264900534749062,0.0093219573853376,-0.0406780426146624,-0.0359586558828313,-0.025785251697183823,-0.023742962153871297,-1.7210055191240363
2025-07-21,2025-W30,226383,0.4512573824006219,0.0149182141214013,-0.035081785878598705,-0.036536823720038206,-0.02574122079372334,-0.0240195992420252,-1.111281043559652
2025-07-28,2025-W31,181464,0.4354417405105145,0.0233620613285748,-0.026637938671425204,-0.034835939542107376,-0.026517633078678934,-0.024291105196321296,-0.23883067540963202
2025-08-04,2025-W32,147299,0.4095547152390715,0.0182173819351202,-0.0317826180648798,-0.033545096307391525,-0.02773206892018388,-0.024429772791831804,-0.7441311761564449
2025-08-11,2025-W33,263515,0.4237519685786388,0.0199435812474813,-0.0300564187525187,-0.030889690341855604,-0.028346147394837876,-0.024695335852685997,-0.5446937927021676
2025-08-18,2025-W34,227357,0.4228943907599062,0.0161313807879519,-0.033868619212048104,-0.030586398675217955,-0.028438507488678044,-0.025203512328046993,-0.9013288410704932
2025-08-25,2025-W35,143293,0.4380255839433887,0.0160915145142274,-0.033908485485772605,-0.032404035378804805,-0.029447991827919757,-0.025799336766421065,-0.8857531618352767
2025-09-01,2025-W36,83205,0.3979207980289646,0.0229544836751336,-0.027045516324866403,-0.031219759943801453,-0.031126479140566602,-0.025764724706377858,-0.1400270320593802
2025-09-08,2025-W37,148520,0.43462833288446,0.0203869808368576,-0.029613019163142403,-0.03110891004645738,-0.03182939127278294,-0.02606911028449719,-0.39365867288217626
2025-09-15,2025-W38,158679,0.4510426710528803,0.0190440262117338,-0.030955973788266204,-0.030380748690511904,-0.032521922990218714,-0.026138872411777044,-0.5336642381123392
2025-09-22,2025-W39,212031,0.4855374921591654,0.0154348269531515,-0.0345651730468485,-0.030544920580780878,-0.032660081337686206,-0.0266352825037567,-0.9055171965919417
2025-09-29,2025-W40,180101,0.4774098977795792,0.0225512316531367,-0.027448768346863304,-0.030645733586280102,-0.032199103873356574,-0.026889122221502335,-0.06522102342743297
2025-10-06,2025-W41,250145,0.422674848587819,0.0285254894542703,-0.021474510545729703,-0.02861110643192693,-0.031008989991970923,-0.02667745871933891,0.6066962371361347
2025-10-13,2025-W42,290801,0.3752841290091849,0.0296335663823041,-0.0203664336176959,-0.025963721389284353,-0.029446558530665808,-0.02689494568859114,0.7905917101294027
2025-10-20,2025-W43,347284,0.3936173276050725,0.0285887766373804,-0.0214112233626196,-0.022675233968227126,-0.02839497679866742,-0.02696753021539487,0.6783346171194585
2025-10-27,2025-W44,431668,0.3621672211051085,0.0376432811380616,-0.012356718861938405,-0.018902221596995904,-0.027296421428706898,-0.02676398832383827,1.710795250283018
2025-11-03,2025-W45,494793,0.3197013700678869,0.0334353229742202,-0.016564677025779802,-0.017674763217008428,-0.02612581057954536,-0.026788223173608343,1.2186097990458693
2025-11-10,2025-W46,501600,0.3179485645933014,0.0394524808286776,-0.010547519171322406,-0.015220034605415055,-0.024625125996376413,-0.02644869215469225,1.8312452217795836
2025-11-17,2025-W47,562375,0.2666423649699933,0.0330970370716157,-0.0169029629283843,-0.014092969496856227,-0.023320075513017655,-0.026429729723184366,1.0946067248389035
2025-11-24,2025-W48,554785,0.2775273304072749,0.0215304478852748,-0.028469552114725204,-0.01812117781005293,-0.02290169602293709,-0.026274104821798018,-0.2555741096383334
2025-12-01,2025-W49,481209,0.2853001502465664,0.042982321963158,-0.007017678036842001,-0.015734428062818478,-0.021361093077704445,-0.02587999986836985,2.097433449743823
2025-12-08,2025-W50,413870,0.3019837146930195,0.0491750812116944,-0.0008249187883056022,-0.013303777967064275,-0.01914662381810161,-0.025190494012264513,2.5624925684104456
2025-12-15,2025-W51,452411,0.2980895689981013,0.0383734122305519,-0.011626587769448103,-0.01198468417733023,-0.017659747970500215,-0.024870312756748413,1.367961707046358
2025-12-22,2025-W52,394783,0.3240894364752281,0.0511000820665129,0.0011000820665128946,-0.004592275632020703,-0.014916266807933955,-0.024296646500250395,2.462967743179439
2025-12-29,2026-W01,438452,0.2901366626221342,0.0485885654542453,-0.0014114345457547015,-0.003190714759248878,-0.012913394977079447,-0.023980183329177576,2.0983305833741266
2026-01-05,2026-W02,549903,0.2672125811279444,0.0492170326865884,-0.0007829673134116047,-0.0031802268905253787,-0.011321737805362673,-0.023577305771408794,2.0309308454604316
2026-01-12,2026-W03,489603,0.3072162548023602,0.0318587365537782,-0.0181412634462218,-0.004808895809718803,-0.011150570869095433,-0.023512371136644457,0.4776234107157012
2026-01-19,2026-W04,630657,0.332205937617437,0.0374066861408633,-0.012593313859136701,-0.008232244791131202,-0.010472270138058286,-0.023460904966119703,0.962586724912412
2026-01-26,2026-W05,623500,0.3649639133921411,0.0472940607765155,-0.002705939223484506,-0.008555870960563653,-0.009729902473561832,-0.023115982438567613,1.7525122234250305
2026-02-02,2026-W06,669282,0.3337770924662548,0.056049706568304,0.006049706568303996,-0.006847702490134753,-0.007990334504786156,-0.022514511829148827,2.3179618422881374
2026-02-09,2026-W07,669954,0.3333124363762288,0.044164009601261,-0.005835990398738999,-0.0037713842282640526,-0.0076279092145874325,-0.022443928812058943,1.338360376942819
2026-02-16,2026-W08,624334,0.2826147542821631,0.0479126758328327,-0.0020873241671673023,-0.001144886805271703,-0.006488244694493817,-0.022133190250286535,1.5765647620369176
2026-02-23,2026-W09,772879,0.2876181135727584,0.0605054567374737,0.010505456737473697,0.0021579621849678477,-0.003490167090478517,-0.021376320408184345,2.3691817314757997
2026-03-02,2026-W10,651188,0.3021139824443939,0.0385497095047602,-0.011450290495239802,-0.002217037080918102,-0.0038311372795860406,-0.02110823287459552,0.7146584375929689
2026-03-09,2026-W11,634742,0.3220678637934783,0.034950838917967,-0.015049161082033004,-0.004520329751741603,-0.004925309763718916,-0.020782849305444398,0.42626529354022535
2026-03-16,2026-W12,625541,0.34580467147637,0.0294709104777754,-0.020529089522224604,-0.009130771090505928,-0.0056101175908555715,-0.020622662470735464,0.006981787180233813
2026-03-23,2026-W13,907938,0.3480237637371715,0.0261532229479973,-0.023846777052002704,-0.017718829537875028,-0.0075291067538183105,-0.020366995155608067,-0.26348980613229406
2026-03-30,2026-W14,672890,0.3327007386051211,0.0404518673700479,-0.009548132629952105,-0.017243290071553105,-0.00815500660644888,-0.019790120225923635,0.7874827420558868
2026-04-06,2026-W15,754360,0.34658783604645,0.0448571821978795,-0.005142817802120503,-0.014766704251574978,-0.008490379720964948,-0.01912828912532251,1.0879318326300587
2026-04-13,2026-W16,701643,0.3818437581505124,0.0265342380877731,-0.023465761912226903,-0.015500872349075554,-0.008899956526042264,-0.018820584405746833,-0.3702361041634655
2026-04-20,2026-W17,747973,0.3816768787108625,0.0326252959885667,-0.017374704011433303,-0.013882854088933205,-0.009267755768526618,-0.018469055874743914,0.08882969827094012
2026-04-27,2026-W18,417721,0.3465447032828131,0.0443357580530398,-0.005664241946960205,-0.01291188141818523,-0.009495317516486286,-0.01825981862435849,1.012119775115015
2026-05-04,2026-W19,429109,0.3418432146610768,0.0439981457242582,-0.006001854275741805,-0.013126640536590555,-0.010422360658335964,-0.018067643665712837,0.9608768858921173
2026-05-11,2026-W20,447300,0.3227856025039123,0.0437104348187447,-0.006289565181255299,-0.008832591353847653,-0.010457251026221833,-0.017764108408005887,0.9071670529681345
2026-05-18,2026-W21,467787,0.294112491368935,0.0336962684072044,-0.016303731592795606,-0.008564848249188229,-0.011550820828193241,-0.01744941213109569,0.09185254886897623
2026-05-25,2026-W22,470301,0.3310560683477177,0.031388089610523,-0.018611910389477,-0.011801765359817428,-0.013790618299497142,-0.017407618310208126,-0.09661169638125022
2026-06-01,2026-W23,244371,0.25077443722864,0.0656146992591625,0.015614699259162493,-0.006397626976091354,-0.011708696010696963,-0.01700685137713851,2.4752300473735454
2026-06-08,2026-W24,275045,0.2488829100692614,0.0583457504309463,0.008345750430946298,-0.002738798073040954,-0.00990908743277548,-0.016452603071844738,1.8195499906128998
2026-06-15,2026-W25,305623,0.2288800253907592,0.0555960600992123,0.005596060099212298,0.002736149849961022,-0.007899460538818794,-0.015922812272598324,1.5433824289229687
2026-06-22,2026-W26,350489,0.2841544242472659,0.0633478256503971,0.013347825650397091,0.010726083859929545,-0.005038337254018811,-0.015035948038364323,1.9832270823502538
2026-07-27,2026-W31,2138058,0.2307907456205584,0.074545439806746,0.02454543980674599,0.01295876899682542,-0.002415754758888188,-0.013920815053943273,2.549504245371375
2026-08-03,2026-W32,2650853,0.2499931154236014,0.0693033748557028,0.0193033748557028,0.015698175103014543,-0.0005352784005940877,-0.012839096479723157,2.0848206299523158
2026-08-10,2026-W33,2553994,0.260455976012473,0.0744148778643511,0.024414877864351092,0.020402879544299243,0.0031478477360657583,-0.011587309547434439,2.285613150531516
2026-08-17,2026-W34,3244458,0.2452659273135913,0.0763249995287494,0.026324999528749393,0.02364717301388732,0.006509363393002889,-0.010406409828062357,2.2604368276841678
